"session_id","Total_requests","Total_Bytes","Total_GET_requests","Total_POST_requests","Total_3xx_responses","Total_4xx_responses","per_image_requests","per_css_request","per_js_requests","Depth_SD","Max_requests_per_page","Average_requests_per_page","Max_sequential_request","per_sequential_requests","Session_time","Browsing_speed","SD_request_time"
97hf7ciplt2k54f5j6109nekn0,14,10096,8,6,0.0,0.0,0.0,0.07142857142857142,0.35714285714285715,0.3499271061118826,6,1.5555555555555556,14,1.0,263.0,0.034220532319391636,41.15854115738411
46hm95bnvnuglhj1i1906nc80u,20,20158,16,4,0.0,0.0,0.0,0.2,0.25,0.45825756949558394,4,2.0,20,1.0,10.0,1.0,0.9219544457292888
mtilohhtbsshka38svllisk0am,10,13420,9,1,0.0,0.0,0.0,0.1,0.5,0.4,2,1.1111111111111112,10,1.0,3.0,3.0,0.6403124237432849
66vt430cgmgpus1k96japf46pf,62,81747,43,19,0.0,0.0,0.0,0.016129032258064516,0.08064516129032258,0.6844869410942885,19,3.263157894736842,62,1.0,512.0,0.037109375,16.686807116335142
igirlpfg3oft6i3dl8ah549gqi,57,104214,40,17,0.0,0.0,0.0,0.017543859649122806,0.08771929824561403,0.7877173445839877,17,2.590909090909091,57,1.0,528.0,0.041666666666666664,17.7354104268877
uqhd4i1019lcou4b0s1l1vdq87,40,50154,29,11,0.0,0.0,0.0,0.025,0.125,0.6279928343540235,12,2.6666666666666665,40,1.0,333.0,0.04504504504504504,18.101640119061035
moqasnr56raoh1gq94vqlngt50,41,37239,27,14,0.0,0.0,0.0,0.024390243902439025,0.12195121951219512,0.5853658536585367,14,3.1538461538461537,41,1.0,199.0,0.06532663316582915,8.606749976134745
o2dutldgeigipiq4cd4t69mgr7,62,81670,42,20,0.0,0.0,0.0,0.016129032258064516,0.08064516129032258,0.7000817552971195,20,3.263157894736842,62,1.0,581.0,0.03270223752151463,16.749803918898277
0erfuds6s7kpisp8j1pphnombt,53,57468,37,16,0.0,0.0,0.0,0.018867924528301886,0.09433962264150944,0.633692665047044,16,2.9444444444444446,53,1.0,314.0,0.05732484076433121,9.870575782948777
c7rlbj17lequj24elhrere5g13,52,59059,35,17,0.0,0.0,0.0,0.019230769230769232,0.09615384615384616,0.5992475558031877,17,2.888888888888889,52,1.0,428.0,0.04205607476635514,15.616331915184409
kn4jl5vb5fita9bo6cu1b6jrk8,60,66855,41,19,0.0,0.0,0.0,0.016666666666666666,0.08333333333333333,0.6289320754704403,19,3.75,60,1.0,526.0,0.030418250950570342,17.526519588580296
m2d7pem8vph8npifco3ogcf8on,37,47082,27,10,0.0,0.0,0.0,0.02702702702702703,0.13513513513513514,0.6210337996257328,11,2.466666666666667,37,1.0,196.0,0.07653061224489796,11.891093339281557
qlgu4hfptc004osevv48p07oj3,58,87268,41,17,0.0,0.0,0.0,0.017241379310344827,0.08620689655172414,0.6553992347844211,17,3.0526315789473686,58,1.0,337.0,0.05637982195845697,12.420029563726995
s07af6jn35uipvfnkj6hpglsl9,28,38679,21,7,0.0,0.0,0.0,0.03571428571428571,0.17857142857142858,0.5578749768504754,8,2.8,28,1.0,180.0,0.05555555555555555,14.328863406795817
hs62n8oguaemh0k12m9434sr20,49,64587,35,14,0.0,0.0,0.0,0.02040816326530612,0.10204081632653061,0.6283593599322715,15,3.0625,49,1.0,381.0,0.04199475065616798,15.652169838653654
3rfboibsp6vin0c5iqp8r33f5n,37,46521,27,10,0.0,0.0,0.0,0.02702702702702703,0.13513513513513514,0.5994884598059144,11,2.642857142857143,37,1.0,186.0,0.07526881720430108,13.086998884774172
59phgq1j4hsfskn63mgd5nrnmb,10,12122,9,1,0.0,0.0,0.0,0.1,0.5,0.4,2,1.1111111111111112,10,1.0,2.0,4.5,0.6000000000000001
3uqepgd76f9ecnauehcl4sucbh,69,88950,49,20,0.0,0.0,0.0,0.014492753623188406,0.07246376811594203,0.7049499424356702,21,3.6315789473684212,69,1.0,289.0,0.0657439446366782,10.324131520927834
ck0vis16184tm6572eohin19d2,40,50019,27,13,0.0,0.0,0.0,0.025,0.125,0.5695392874947259,13,3.076923076923077,40,1.0,369.0,0.03523035230352303,18.280436947731854
pf7tnis955pq27n6sibk32d87k,46,53155,33,13,0.0,0.0,0.0,0.021739130434782608,0.10869565217391304,0.6404747766372276,14,2.875,46,1.0,330.0,0.048484848484848485,14.602418423621668
1ttvuqau08dh4t1cjg50pr2298,59,70264,39,20,0.0,0.0,0.0,0.01694915254237288,0.0847457627118644,0.6236735421347153,20,3.2777777777777777,59,1.0,592.0,0.030405405405405407,17.996201201491758
bdnrcfsa6rd1fuorjjjmi0o20s,62,83799,44,18,0.0,0.0,0.0,0.016129032258064516,0.08064516129032258,0.6509818087293731,19,2.9523809523809526,62,1.0,425.0,0.04941176470588235,12.494962564574353
k0371k7nj5dqmfg9fllmll59sn,35,30065,21,14,0.0,0.0,0.0,0.02857142857142857,0.14285714285714285,0.5525451315946776,14,2.6923076923076925,35,1.0,126.0,0.10317460317460317,5.1057390678109895
16r8lv9fabgjk06di8usnmu9ni,65,66592,46,19,0.0,0.0,0.0,0.03076923076923077,0.07692307692307693,0.6373020054525533,20,3.823529411764706,65,1.0,431.0,0.03944315545243619,11.246290644227448
7428dqv0aoerlt7uj52th5qac2,35,41295,25,10,0.0,0.0,0.0,0.02857142857142857,0.14285714285714285,0.6233549779791837,10,2.5,35,1.0,257.0,0.054474708171206226,14.234651598210931
8srapvmong540puc7nb8gttr9s,65,64914,45,20,0.0,0.0,0.0,0.015384615384615385,0.07692307692307693,0.6203644662663369,20,3.823529411764706,65,1.0,422.0,0.04028436018957346,12.237550128031945
qqvn22bkui88d086v1pnp37cus,50,61974,35,15,0.0,0.0,0.0,0.02,0.1,0.6838128398911503,15,2.7777777777777777,50,1.0,361.0,0.04986149584487535,13.820694627984514
bhgacl77180d93ov5a5fbbau9v,61,70651,46,15,0.0,0.0,0.0,0.22950819672131148,0.08196721311475409,0.6032252292778394,15,3.388888888888889,61,1.0,404.0,0.04455445544554455,15.871578820126338
7fk29hdm43m3g5jcsn40ilqq72,60,54041,45,15,0.0,0.0,0.0,0.21666666666666667,0.08333333333333333,0.5436502143433363,15,4.285714285714286,60,1.0,208.0,0.0673076923076923,9.113116310510303
aj9b410e48gia1a4u0s5e0on3v,53,54798,37,16,0.0,0.0,0.0,0.018867924528301886,0.09433962264150944,0.607301016582305,16,3.3125,53,1.0,161.0,0.09937888198757763,9.123807265860231
v6g56j1moj87j95r7n37hjcjqa,68,77169,50,18,0.0,0.0,0.0,0.14705882352941177,0.07352941176470588,0.624437463104769,18,3.5789473684210527,68,1.0,515.0,0.036893203883495145,17.91262796142512
7gce60ae3b26e071uuothvl8ov,62,78700,43,19,0.0,0.0,0.0,0.016129032258064516,0.08064516129032258,0.6204962600539143,19,3.4444444444444446,62,1.0,492.0,0.036585365853658534,15.63481533540836
tdm49rlqprtglqndl74j4cekj0,42,45648,29,13,0.0,0.0,0.0,0.023809523809523808,0.11904761904761904,0.6098213559459855,13,2.8,42,1.0,304.0,0.049342105263157895,13.504513396867278
65jksu5rbgasntdo5kcspn140b,55,53323,40,15,0.0,0.0,0.0,0.21818181818181817,0.09090909090909091,0.5958534402972341,15,3.6666666666666665,55,1.0,321.0,0.04672897196261682,12.903507115035376
3ctnavj7r6jrdpq5q0n8s7s4l1,58,73961,41,17,0.0,0.0,0.0,0.017241379310344827,0.08620689655172414,0.6982226459074685,18,3.0526315789473686,58,1.0,344.0,0.055232558139534885,11.527870379283833
pmb5bepkpun1v95n8rveof9ee0,62,83255,43,19,0.0,0.0,0.0,0.016129032258064516,0.08064516129032258,0.6435463659116131,19,3.6470588235294117,62,1.0,530.0,0.03207547169811321,16.861559086214363
pvkqfvdopap7c1e9hrdeakkq8u,41,55721,30,11,0.0,0.0,0.0,0.024390243902439025,0.12195121951219512,0.6462264048532571,12,2.411764705882353,41,1.0,292.0,0.05821917808219178,13.704539255033072
c4jthmvc4kk57hh14pugnmmj9j,61,74733,43,18,0.0,0.0,0.0,0.01639344262295082,0.08196721311475409,0.6802784892211944,19,3.05,61,1.0,520.0,0.038461538461538464,17.145095898146053
trga4mrvjvogdgoi9vrqkmi92j,46,57712,33,13,0.0,0.0,0.0,0.021739130434782608,0.10869565217391304,0.6225139592728849,14,3.2857142857142856,46,1.0,356.0,0.03932584269662921,16.339382648399326
m53jq0p03vjq9ggef5fqamii89,40,38346,29,11,0.0,0.0,0.0,0.025,0.125,0.6279928343540235,12,3.076923076923077,40,1.0,173.0,0.07514450867052024,7.212445840351247
4j64bd6drdkbib7sfpaue62poi,66,92786,46,20,0.0,0.0,0.0,0.015151515151515152,0.07575757575757576,0.6415731927193978,20,3.6666666666666665,66,1.0,494.0,0.03643724696356275,13.93408989997838
9hdhd3r1imn0bdlevf1s4g2ks4,49,46736,35,14,0.0,0.0,0.0,0.02040816326530612,0.10204081632653061,0.6388765649999399,15,3.0625,49,1.0,240.0,0.06666666666666667,8.87611998787479
uojjl06k7ee9lk3pc48ppaan0a,37,44212,27,10,0.0,0.0,0.0,0.02702702702702703,0.13513513513513514,0.6079579394163239,11,2.642857142857143,37,1.0,292.0,0.04794520547945205,15.661596659800002
as0na0kr8o0gfoe8do6a6cjsfi,56,74235,40,16,0.0,0.0,0.0,0.017857142857142856,0.08928571428571429,0.726458771671714,17,2.9473684210526314,56,1.0,340.0,0.05588235294117647,11.2422308774567
ebnjc41jpisf779951hm4okh7p,33,33361,19,14,0.0,0.0,0.0,0.030303030303030304,0.15151515151515152,0.4942274675848512,14,2.75,33,1.0,188.0,0.06382978723404255,11.274763582779311
m01ltdunc7d4tjuh0r8opr8c3k,38,48664,27,11,0.0,0.0,0.0,0.02631578947368421,0.13157894736842105,0.6006690637112277,11,2.533333333333333,38,1.0,359.0,0.04178272980501393,18.55248226890273
v3hbnujku5f0bm2mmbjqrr9rg8,60,70436,41,19,0.0,0.0,0.0,0.016666666666666666,0.08333333333333333,0.6080478782318234,19,3.1578947368421053,60,1.0,553.0,0.034358047016274866,15.670664383561476
20054o9vd2q32sqnc3g6kj17om,60,70538,46,14,0.0,0.0,0.0,0.23333333333333334,0.08333333333333333,0.5617433182117572,14,4.0,60,1.0,425.0,0.03529411764705882,16.59848554001907
lu2vabqtd7mhjirluaij1a6qcg,39,41876,27,12,0.0,0.0,0.0,0.02564102564102564,0.1282051282051282,0.6067774136512427,12,2.6,39,1.0,288.0,0.052083333333333336,14.08147607468104
j09afvs25gdij4vebr11kt9gpr,36,39207,26,10,0.0,0.0,0.0,0.027777777777777776,0.1388888888888889,0.6009252125773316,10,2.5714285714285716,36,1.0,238.0,0.058823529411764705,16.28441275469988
mld2vskicvoo3bvkk0fnjtuv7u,40,48182,29,11,0.0,0.0,0.0,0.025,0.125,0.6000000000000001,12,2.5,40,1.0,344.0,0.046511627906976744,16.905324604987623
mk7jdh4qi5dkquenuvef8qk855,55,70227,41,14,0.0,0.0,0.0,0.21818181818181817,0.09090909090909091,0.5411954933140806,14,3.6666666666666665,55,1.0,386.0,0.038860103626943004,13.862297997991675
vtcjrbtjq57mnai4banl61pd25,59,80330,39,20,0.0,0.0,0.0,0.01694915254237288,0.0847457627118644,0.7238697120021228,20,3.4705882352941178,59,1.0,638.0,0.02664576802507837,18.069052648172043
071tbv7fsev5d64kb0f9jieor6,66,92209,46,20,0.0,0.0,0.0,0.015151515151515152,0.07575757575757576,0.6415731927193978,20,3.142857142857143,66,1.0,680.0,0.030882352941176472,19.22038824141169
6ntd0tthl2oaq1l21tho6bflst,49,60852,35,14,0.0,0.0,0.0,0.02040816326530612,0.10204081632653061,0.6780917439116795,15,2.8823529411764706,49,1.0,362.0,0.04696132596685083,16.200045762760524
imgld2d8lq8ugjvfur481ofr2n,43,44747,31,12,0.0,0.0,0.0,0.023255813953488372,0.11627906976744186,0.622283170244635,13,2.5294117647058822,43,1.0,181.0,0.09392265193370165,12.721631714003466
htodnmm7tjpihgeuqk64c0gjes,53,67959,37,16,0.0,0.0,0.0,0.018867924528301886,0.09433962264150944,0.693251813995239,16,2.789473684210526,53,1.0,316.0,0.060126582278481014,13.392425716491157
0i5kvpslrq3vb6u8ff2kuejv0v,57,76006,40,17,0.0,0.0,0.0,0.017543859649122806,0.08771929824561403,0.6247190812198194,17,3.0,57,1.0,465.0,0.04086021505376344,14.979271611931184
69pb8jcum0600139r70m1aqbrf,42,58124,26,16,0.0,0.0,0.0,0.023809523809523808,0.11904761904761904,0.6004533434723092,16,2.625,42,1.0,382.0,0.041884816753926704,16.312147859814583
656v65u3buefq447rk141pj08c,43,54537,31,12,0.0,0.0,0.0,0.023255813953488372,0.11627906976744186,0.6196703532313594,13,2.6875,43,1.0,348.0,0.04597701149425287,17.547031755201896
q80o426gl01opbf2ve05c36c4u,66,71725,50,16,0.0,0.0,0.0,0.21212121212121213,0.07575757575757576,0.5663100482130533,16,3.8823529411764706,66,1.0,303.0,0.056105610561056105,10.760445626582786
j732r4nonn5d5q37e9u2g9hr11,72,77147,53,19,0.0,0.0,0.0,0.2222222222222222,0.06944444444444445,0.5527707983925667,19,4.0,72,1.0,265.0,0.06792452830188679,8.343038330263557
1afcff96kgdbmevi5aemi5mkuj,50,71497,34,16,0.0,0.0,0.0,0.02,0.1,0.6118823416311342,16,3.125,50,1.0,425.0,0.03764705882352941,16.169415573854238
mc9vvj20cc427d1vhl9aah593q,54,59887,37,17,0.0,0.0,0.0,0.018518518518518517,0.09259259259259259,0.6211299937499416,17,3.375,54,1.0,433.0,0.03695150115473441,13.756467490064905
a511chc13vi6tde0dr4780cr9n,51,68920,36,15,0.0,0.0,0.0,0.058823529411764705,0.09803921568627451,0.7414772706348641,15,3.1875,51,1.0,347.0,0.04610951008645533,13.290154999676155
iae9nd0n4lmdfntp4ib72dt4fh,49,51660,35,14,0.0,0.0,0.0,0.02040816326530612,0.10204081632653061,0.6149599662579331,15,3.2666666666666666,49,1.0,322.0,0.046583850931677016,10.933938924658545
icjl2m9q6satjga38pfqqnmjl8,46,43542,31,15,0.0,0.0,0.0,0.021739130434782608,0.10869565217391304,0.5917677212528782,15,3.066666666666667,46,1.0,204.0,0.07352941176470588,9.368430275254559
crv8slnnov42i8mci4ppsrou68,38,48304,27,11,0.0,0.0,0.0,0.02631578947368421,0.13157894736842105,0.6006690637112277,11,2.923076923076923,38,1.0,15.0,0.8666666666666667,0.6704073264661576
b5iup8c3aosskl3hm3tmuu4lhi,46,53327,33,13,0.0,0.0,0.0,0.021739130434782608,0.10869565217391304,0.5685520361140008,14,2.875,46,1.0,20.0,0.8,0.8760626817221688
g6qvdvs8dvcr93euju3r3u2clg,36,38202,28,8,0.0,0.0,0.0,0.2222222222222222,0.1388888888888889,0.517442666949921,8,2.4,36,1.0,74.0,0.20270270270270271,4.988567175967043
2ciamdo9317m8q3tm7b11t4p6e,23,23654,19,4,0.0,0.0,0.0,0.21739130434782608,0.21739130434782608,0.5360360002581719,5,1.9166666666666667,23,1.0,27.0,0.4444444444444444,3.9082095746511705
7nobos194e12uk0c7gi4e04c25,39,42857,31,8,0.0,0.0,0.0,0.23076923076923078,0.1282051282051282,0.6217618283580585,9,2.4375,39,1.0,61.0,0.26229508196721313,3.564748142970824
7onurvslijk8fm97iohvhcoq52,62,69643,44,18,0.0,0.0,0.0,0.06451612903225806,0.08064516129032258,0.5871056362322998,18,3.263157894736842,62,1.0,91.0,0.2087912087912088,2.9877045992052795
dplgo3sid3ccoh1p28kt7oal82,36,37310,26,10,0.0,0.0,0.0,0.05555555555555555,0.1388888888888889,0.5773502691896257,10,2.769230769230769,36,1.0,25.0,0.52,1.6636546857987826
t8f9bu34vogoj5kisdk61hp83n,54,57254,38,16,0.0,0.0,0.0,0.037037037037037035,0.09259259259259259,0.571679594090116,16,3.857142857142857,54,1.0,51.0,0.27450980392156865,1.715038782270348
lbpk1okd4btot9vqfjpsv2vl9n,43,52493,32,11,0.0,0.0,0.0,0.09302325581395349,0.11627906976744186,0.5929092457666029,12,2.6875,43,1.0,68.0,0.23529411764705882,3.397896463782117
heooocaj90nj4usab96vr0t8bo,64,71477,49,15,0.0,0.0,0.0,0.234375,0.078125,0.5640170514931264,15,4.266666666666667,64,1.0,114.0,0.13157894736842105,3.743614354804725
fsjvbae9a6rr1ka25ldsvbdtuu,54,70396,42,12,0.0,0.0,0.0,0.2222222222222222,0.09259259259259259,0.6679514369211643,12,3.6,54,1.0,192.0,0.078125,6.096953297030644
tgjeh5ae9h3v4vmds3oemkq48n,39,46177,27,12,0.0,0.0,0.0,0.07692307692307693,0.1282051282051282,0.5487419117700691,12,2.7857142857142856,39,1.0,181.0,0.07734806629834254,7.810207586089122
v23rfeffhu8tnkj029mv5angtg,41,50542,31,10,0.0,0.0,0.0,0.17073170731707318,0.12195121951219512,0.5508092580798154,10,2.7333333333333334,41,1.0,158.0,0.0949367088607595,6.520365752159868
rdrkop6n2o5qgtbpm4o4as05mu,37,42478,28,9,0.0,0.0,0.0,0.10810810810810811,0.13513513513513514,0.5525688729800236,10,2.466666666666667,37,1.0,96.0,0.15625,4.623438871425534
s22ulplav9a7svordh7cc4olt7,68,72458,52,16,0.0,0.0,0.0,0.23529411764705882,0.07352941176470588,0.5034483167242263,16,5.230769230769231,68,1.0,216.0,0.06018518518518518,5.153357490569186
qe370ks533bvqh8n9ra33968bn,64,78755,50,14,0.0,0.0,0.0,0.234375,0.078125,0.5743117484215345,15,3.764705882352941,64,1.0,196.0,0.08673469387755102,5.4825718189550425
tr5fbeta11pirki760fvndcfmb,55,64939,40,15,0.0,0.0,0.0,0.07272727272727272,0.09090909090909091,0.5789703028396603,16,3.235294117647059,55,1.0,211.0,0.08056872037914692,6.035542112771753
b29vltsdmop45jv4bjp64gc73o,50,53273,37,13,0.0,0.0,0.0,0.22,0.1,0.5291502622129182,13,2.9411764705882355,50,1.0,209.0,0.08133971291866028,7.106869915792746
smjle8311adgengdcgqfh70ua0,46,55383,34,12,0.0,0.0,0.0,0.15217391304347827,0.10869565217391304,0.5685520361140008,12,2.875,46,1.0,165.0,0.09696969696969697,6.19809257810863
aukl3llmaggljgm2dv21pgl802,80,89902,62,18,0.0,0.0,0.0,0.2375,0.0625,0.5721396245672904,19,3.8095238095238093,80,1.0,316.0,0.06645569620253164,7.372075691418259
sq6gghu3613fgq6t6h9bcr80ie,47,50932,34,13,0.0,0.0,0.0,0.0425531914893617,0.10638297872340426,0.5424488844247645,14,3.357142857142857,47,1.0,195.0,0.07179487179487179,6.506882521212592
l281lufhl0p948rr5o7mq7rhoi,45,50733,34,11,0.0,0.0,0.0,0.2222222222222222,0.1111111111111111,0.49888765156985887,11,3.2142857142857144,45,1.0,118.0,0.11864406779661017,4.132735918594304
7viehtkjnmi6q1dque68cpudao,48,47669,37,11,0.0,0.0,0.0,0.22916666666666666,0.10416666666666667,0.5098849271050174,11,3.4285714285714284,48,1.0,219.0,0.0639269406392694,7.957978831545943
m1e1mgb7hbmqovglk2rp4f7en9,49,57488,38,11,0.0,0.0,0.0,0.22448979591836735,0.10204081632653061,0.5801089960633427,11,3.0625,49,1.0,162.0,0.09876543209876543,6.121904737715159
ntq39vmdijl66047lvvr8qeuh8,44,46102,34,10,0.0,0.0,0.0,0.22727272727272727,0.11363636363636363,0.5197543920922397,10,3.142857142857143,44,1.0,123.0,0.11382113821138211,5.3579997346980885
h9gaeo351pqnmpu055ot9s5mtd,44,52578,34,10,0.0,0.0,0.0,0.18181818181818182,0.11363636363636363,0.5339700056577605,11,2.75,44,1.0,94.0,0.1702127659574468,4.34631980735065
f9gd6pgmkcgvpb3lfnmr1rp86k,67,78101,52,15,0.0,0.0,0.0,0.23880597014925373,0.07462686567164178,0.5443158963824021,16,3.9411764705882355,67,1.0,88.0,0.19318181818181818,2.7977013764441745
1u41k0lehrsbt97q0pe4knpa6c,56,69553,41,15,0.0,0.0,0.0,0.08928571428571429,0.08928571428571429,0.5318311647084082,16,4.0,56,1.0,43.0,0.32558139534883723,1.7216175059329217
f76c77gidobkhj3onqhf4s3n4d,41,42669,30,11,0.0,0.0,0.0,0.04878048780487805,0.12195121951219512,0.5678266696011129,12,2.9285714285714284,41,1.0,33.0,0.42424242424242425,1.8638998219066147
0ogg5l1i4nh37ek8mjpn8q9fc0,33,38102,24,9,0.0,0.0,0.0,0.06060606060606061,0.15151515151515152,0.48104569292083466,9,2.75,33,1.0,25.0,0.48,1.5181787939242846
9cuovso04bhmsmeovv59e513qh,68,104246,53,15,0.0,0.0,0.0,0.23529411764705882,0.07352941176470588,0.5672735741760562,16,3.5789473684210527,68,1.0,111.0,0.17117117117117117,4.104890955651011
sd8qtd5qblkhbiq3el51h7p58q,61,66626,46,15,0.0,0.0,0.0,0.22950819672131148,0.08196721311475409,0.5486295255961151,15,3.388888888888889,61,1.0,186.0,0.0967741935483871,5.9462792595921385
0pcr6mashfodserb90cq3p04uf,60,63856,45,15,0.0,0.0,0.0,0.15,0.08333333333333333,0.566421515598881,16,3.75,60,1.0,280.0,0.05714285714285714,8.651910514768144
3qfgfasvf42im2b2pba7hlhvdq,42,40579,31,11,0.0,0.0,0.0,0.21428571428571427,0.11904761904761904,0.5450249115361714,11,2.8,42,1.0,178.0,0.08426966292134831,7.561838790644219
eoj0v25cg7p78ojpr26s9tea94,64,76729,47,17,0.0,0.0,0.0,0.140625,0.078125,0.6179287479151622,17,3.764705882352941,64,1.0,216.0,0.0787037037037037,5.721396245672904
os9be9s5er1ud8569gm26htp0j,51,63519,40,11,0.0,0.0,0.0,0.23529411764705882,0.09803921568627451,0.5947353289452196,12,3.1875,51,1.0,158.0,0.10126582278481013,6.1077093744204705
uk2rt8k37hf4v8sogabdk01tua,57,71964,44,13,0.0,0.0,0.0,0.22807017543859648,0.08771929824561403,0.5754813848019904,13,3.3529411764705883,57,1.0,235.0,0.07234042553191489,6.9207802405651035
vllcsfvm4m4b6559eckqpg3mvq,53,57877,38,15,0.0,0.0,0.0,0.20754716981132076,0.09433962264150944,0.5628842977425019,15,3.1176470588235294,53,1.0,245.0,0.06938775510204082,8.255875929424482
tes9ba915l9f7e3i12vdgj7bte,50,62932,38,12,0.0,0.0,0.0,0.22,0.1,0.5546169849544819,12,3.125,50,1.0,209.0,0.07655502392344497,7.089964738981429
77ac9gmq9m61tv68pqdpg1holt,50,64125,37,13,0.0,0.0,0.0,0.12,0.1,0.5758472019555188,13,2.9411764705882355,50,1.0,168.0,0.10119047619047619,5.548909802835148
jfmilo33fin84baeh3k6bcnh3v,62,68103,46,16,0.0,0.0,0.0,0.22580645161290322,0.08064516129032258,0.4643929048028376,16,4.133333333333334,62,1.0,181.0,0.08287292817679558,5.042715560977855
6gftqgk6qqkipsecbrvk0mtr5h,52,60172,37,15,0.0,0.0,0.0,0.1346153846153846,0.09615384615384616,0.5503495392790071,15,3.7142857142857144,52,1.0,177.0,0.07909604519774012,5.446451263065405
84q2klr0foifmc69684fjvafqa,63,65487,47,16,0.0,0.0,0.0,0.1746031746031746,0.07936507936507936,0.5678902799999465,16,3.5,63,1.0,202.0,0.0891089108910891,5.541069549380408
scep2a1a2l1tjoc5dqlche5mqq,43,47525,32,11,0.0,0.0,0.0,0.09302325581395349,0.11627906976744186,0.5513148647037068,12,3.0714285714285716,43,1.0,121.0,0.11570247933884298,4.18333245349223
qg5jilensjo45f7koo4cvrouqn,73,90906,56,17,0.0,0.0,0.0,0.2328767123287671,0.0684931506849315,0.6181103656262179,17,3.65,73,1.0,163.0,0.12269938650306748,4.402740578462295
kd4h7t2e50hpl0uv1pdbcsoe4n,48,52350,36,12,0.0,0.0,0.0,0.125,0.10416666666666667,0.6291528696058958,13,3.2,48,1.0,196.0,0.07653061224489796,7.26817644866227
sjr20ddno9sftolk2ofmqoskmf,49,54640,35,14,0.0,0.0,0.0,0.061224489795918366,0.10204081632653061,0.5808265090105187,14,2.8823529411764706,49,1.0,268.0,0.06343283582089553,10.020595201712558
5hv5h86d5hnph965gtsjskmtu0,43,47024,34,9,0.0,0.0,0.0,0.23255813953488372,0.11627906976744186,0.5210548023815832,10,3.0714285714285716,43,1.0,150.0,0.09333333333333334,6.858612284288853
2s8fa1s8oe1rqsf0ddm7m9q7da,58,73687,40,18,0.0,0.0,0.0,0.034482758620689655,0.08620689655172414,0.619731060538325,18,3.2222222222222223,58,1.0,233.0,0.07725321888412018,6.936886361330413
qb9nte3m02m5iennt4e7mg7caf,70,80399,53,17,0.0,0.0,0.0,0.22857142857142856,0.07142857142857142,0.550324579550235,17,3.6842105263157894,70,1.0,282.0,0.0673758865248227,6.888855240938965
0ht0u328t4mkgi01sp7mm07e01,39,45645,28,11,0.0,0.0,0.0,0.05128205128205128,0.1282051282051282,0.5629358564128244,11,2.6,39,1.0,142.0,0.1056338028169014,6.358870966901397
r4qbc8d0f23m1oi2jeplnl7k3q,39,47957,30,9,0.0,0.0,0.0,0.15384615384615385,0.1282051282051282,0.6476579969392353,10,2.6,39,1.0,103.0,0.14563106796116504,5.322844716045867
dne20ji4gjh7i5k19nueps0biu,76,83744,58,18,0.0,0.0,0.0,0.23684210526315788,0.06578947368421052,0.5456958250875716,18,4.222222222222222,76,1.0,102.0,0.17647058823529413,2.8770993780237992
u89p7qigo3rvvgm0vgs06hk8sc,51,56127,38,13,0.0,0.0,0.0,0.11764705882352941,0.09803921568627451,0.5455069703232768,14,3.1875,51,1.0,53.0,0.3018867924528302,2.3511431038233086
0sejj3er3n0v1sfjv2jbnhaav4,45,43805,34,11,0.0,0.0,0.0,0.2222222222222222,0.1111111111111111,0.5144816401240101,11,3.2142857142857144,45,1.0,89.0,0.15730337078651685,4.7911440938877075
ggik7ranc9tpounf2576ulu1pf,7,8744,7,0,0.0,0.0,0.0,0.14285714285714285,0.7142857142857143,0.3499271061118826,1,1.0,7,1.0,0.0,0,0.0
5nbijh1gp9uis7ai7bt3rp6h0n,7,8744,7,0,0.0,0.0,0.0,0.14285714285714285,0.7142857142857143,0.3499271061118826,1,1.0,7,1.0,1.0,7.0,0.3499271061118826
c9ig849lkl7b7cnikpc1b8vdi7,24,25073,19,5,0.0,0.0,0.0,0.20833333333333334,0.20833333333333334,0.5253966755382705,5,2.0,24,1.0,35.0,0.34285714285714286,3.278454496998378
35siqb4j2kkkqj9sl59b1mb3mc,31,36088,25,6,0.0,0.0,0.0,0.22580645161290322,0.16129032258064516,0.5339659792660274,7,2.2142857142857144,31,1.0,51.0,0.27450980392156865,3.890006941670349
1gkkisdcfhov1vv3n5ae0eotg9,31,36293,25,6,0.0,0.0,0.0,0.22580645161290322,0.16129032258064516,0.4892177705839709,7,2.2142857142857144,31,1.0,28.0,0.5,2.2626681182903456
0o21mf1bnalsnajqi851nce7po,15,17905,13,2,0.0,0.0,0.0,0.2,0.3333333333333333,0.4,3,1.5,15,1.0,7.0,1.4285714285714286,1.0873004286866725
jij3srivs9gtodv0tcv3rim8dt,43,44489,34,9,0.0,0.0,0.0,0.23255813953488372,0.11627906976744186,0.5394145816159629,10,2.5294117647058822,43,1.0,219.0,0.0776255707762557,11.683448745163156
edf3nbd2agsd9js7ursttbmnls,32,34020,25,7,0.0,0.0,0.0,0.21875,0.15625,0.5266343608235224,7,2.2857142857142856,32,1.0,152.0,0.09210526315789473,11.903255857117413
t8r8i1gfvjj6vtbe2q8nala94c,7,8744,7,0,0.0,0.0,0.0,0.14285714285714285,0.7142857142857143,0.3499271061118826,1,1.0,7,1.0,0.0,0,0.0
9p655jhvg3ttm1ols48nr8d8n0,27,29578,22,5,0.0,0.0,0.0,0.2222222222222222,0.18518518518518517,0.5237828008789241,6,2.076923076923077,27,1.0,88.0,0.14772727272727273,8.181245909792002
3idgnbekhsu1kggq8tgpf78qpk,65,81344,50,15,0.0,0.0,0.0,0.23076923076923078,0.07692307692307693,0.5785106362142513,15,3.25,65,1.0,425.0,0.047058823529411764,13.155960243966549
4fvnea8pcvh9fg7ei2tjsf1p27,68,87252,53,15,0.0,0.0,0.0,0.23529411764705882,0.07352941176470588,0.575599582081792,16,3.238095238095238,68,1.0,532.0,0.039473684210526314,15.214100634986213
isiekn2h40prbuarp6bmi4tui3,65,102607,50,15,0.0,0.0,0.0,0.23076923076923078,0.07692307692307693,0.5610640778095528,15,3.25,65,1.0,422.0,0.04739336492890995,13.259682183130678
280itudqubof37k9lj729sf36k,64,76308,49,15,0.0,0.0,0.0,0.234375,0.078125,0.5555121510822243,15,3.5555555555555554,64,1.0,404.0,0.04455445544554455,13.387114840397837
4oi16je8fib5nuimua9kvsjd46,62,64902,46,16,0.0,0.0,0.0,0.1935483870967742,0.08064516129032258,0.5826578021996273,16,3.263157894736842,62,1.0,430.0,0.044186046511627906,12.754342673142093
sh20917n2lp4h8hsm2a5t6vuqa,75,79487,58,17,0.0,0.0,0.0,0.24,0.06666666666666667,0.5744175794276805,18,3.5714285714285716,75,1.0,512.0,0.041015625,12.94539643614242
dtovhiq1irov1bbn82d6uaqjkr,57,65166,43,14,0.0,0.0,0.0,0.22807017543859648,0.08771929824561403,0.5441425410270464,14,3.3529411764705883,57,1.0,372.0,0.0456989247311828,12.532211497699997
gk81vt5nc7jnrd0nvgf7shli3f,71,83773,55,16,0.0,0.0,0.0,0.23943661971830985,0.07042253521126761,0.6119876333070545,17,3.380952380952381,71,1.0,466.0,0.045064377682403435,13.387751806515187
6bgfb172kqce8p3ljrdgfglht5,50,54752,39,11,0.0,0.0,0.0,0.22,0.1,0.5656854249492381,12,2.7777777777777777,50,1.0,345.0,0.05217391304347826,13.862539449898783
3v4lcjqcmnpq4p0r6ljintqqkh,44,50516,34,10,0.0,0.0,0.0,0.22727272727272727,0.11363636363636363,0.5473452081269226,10,2.75,44,1.0,311.0,0.05144694533762058,13.623838945147062
kfe4jnjpk8sv38uh0cnmnhcglf,48,54354,37,11,0.0,0.0,0.0,0.22916666666666666,0.10416666666666667,0.5266343608235224,11,2.823529411764706,48,1.0,397.0,0.042821158690176324,15.100689254872513
gpdgqpd8hjc63a5ebcn2qrdf06,58,62453,43,15,0.0,0.0,0.0,0.22413793103448276,0.08620689655172414,0.55948209446855,15,3.2222222222222223,58,1.0,467.0,0.03854389721627409,14.063185509781233
m634porafkebq83n1ncv8fprkj,57,63295,43,14,0.0,0.0,0.0,0.22807017543859648,0.08771929824561403,0.55534006285419,14,3.1666666666666665,57,1.0,395.0,0.04556962025316456,12.930122113265528
ncqp9ihc4ljkk0ku3j16ltr1mk,45,63317,35,10,0.0,0.0,0.0,0.2222222222222222,0.1111111111111111,0.5665577237325317,10,2.8125,45,1.0,408.0,0.0392156862745098,18.01900231545699
r3c01sgu9adcjlda1lsbfpce49,49,67479,38,11,0.0,0.0,0.0,0.22448979591836735,0.10204081632653061,0.5801089960633427,11,2.7222222222222223,49,1.0,311.0,0.05787781350482315,12.58368075092298
880j5rsogs8l7oi3cn1i75bevn,62,79576,47,15,0.0,0.0,0.0,0.22580645161290322,0.08064516129032258,0.6791452668202355,15,2.9523809523809526,62,1.0,479.0,0.04384133611691023,14.09205833867443
8forhp13m9505blrakpubb02r5,55,61929,43,12,0.0,0.0,0.0,0.23636363636363636,0.09090909090909091,0.5738085032021636,13,3.0555555555555554,55,1.0,402.0,0.04477611940298507,14.503758418577675
fhiu23ij9g1dlfl0rrq5vr8ofa,44,49622,34,10,0.0,0.0,0.0,0.22727272727272727,0.11363636363636363,0.5197543920922397,10,2.75,44,1.0,274.0,0.058394160583941604,12.150315439907567
6b9dbucrdeusmi946v4oe5ru7n,40,43626,31,9,0.0,0.0,0.0,0.225,0.125,0.5267826876426369,9,2.6666666666666665,40,1.0,290.0,0.05172413793103448,13.84151364555192
71fsq0ll4usu4432hcl6r4g6p0,40,42099,31,9,0.0,0.0,0.0,0.225,0.125,0.6144102863722254,9,2.857142857142857,40,1.0,214.0,0.06542056074766354,9.847715471113084
sejrttfd3065bs0v3qgta1ue88,36,41731,27,9,0.0,0.0,0.0,0.08333333333333333,0.1388888888888889,0.5328701692569688,10,2.4,36,1.0,298.0,0.050335570469798654,15.642909489092835
rdhrcgmo18lq0vr3m840ddgo21,62,78411,47,15,0.0,0.0,0.0,0.22580645161290322,0.08064516129032258,0.5531105870800724,15,3.4444444444444446,62,1.0,450.0,0.04,13.524094965689903
31vd4424iaoqg0c0gufqriq1ts,37,39343,28,9,0.0,0.0,0.0,0.21621621621621623,0.13513513513513514,0.49393694277019096,9,2.466666666666667,37,1.0,284.0,0.0528169014084507,13.152030064356325
q8qrhifod86c8nf2n9t6uqsr0p,68,82257,52,16,0.0,0.0,0.0,0.23529411764705882,0.07352941176470588,0.5494571085961589,16,4.0,68,1.0,550.0,0.03090909090909091,14.740635406247955
26t8bqt44eou982kgvp9ve4p2i,44,47296,34,10,0.0,0.0,0.0,0.22727272727272727,0.11363636363636363,0.5276448530110863,10,2.933333333333333,44,1.0,318.0,0.04716981132075472,13.339728149682738
84orvi6aecg0lm1spno79lgb65,58,70170,44,14,0.0,0.0,0.0,0.22413793103448276,0.08620689655172414,0.550915355471395,14,3.0526315789473686,58,1.0,397.0,0.04785894206549118,12.922583445321912
a34090clmlpq3indvrjji6j8c0,47,52463,37,10,0.0,0.0,0.0,0.23404255319148937,0.10638297872340426,0.5693229004365811,11,2.611111111111111,47,1.0,289.0,0.06228373702422145,13.26486115349338
6u394qqsput7repda5hc5j6m2f,75,79469,58,17,0.0,0.0,0.0,0.24,0.06666666666666667,0.5666274496233541,18,3.5714285714285716,75,1.0,502.0,0.04183266932270916,12.980984383148897
7babhjgm6kamr41o51smo0enra,73,79742,55,18,0.0,0.0,0.0,0.2328767123287671,0.0684931506849315,0.6974203869237181,18,3.4761904761904763,73,1.0,564.0,0.03723404255319149,14.863083138528527
g78cgc2minsta2tcg6hq9dvdg2,46,55309,35,11,0.0,0.0,0.0,0.21739130434782608,0.10869565217391304,0.5605998677490273,11,2.7058823529411766,46,1.0,282.0,0.06028368794326241,11.86263533968184
drqump4j37osof75tituohlhtk,48,54099,37,11,0.0,0.0,0.0,0.22916666666666666,0.10416666666666667,0.5636562191028618,11,2.823529411764706,48,1.0,372.0,0.0456989247311828,14.964541422977184
1g3j2jmtjse3k9p4r62706vsm0,53,70510,41,12,0.0,0.0,0.0,0.22641509433962265,0.09433962264150944,0.5716700908506835,12,3.1176470588235294,53,1.0,378.0,0.04497354497354497,14.271012625346335
r8d9u4g82re29ptdde19fpp4v8,64,72875,49,15,0.0,0.0,0.0,0.234375,0.078125,0.6153552708598505,15,3.3684210526315788,64,1.0,520.0,0.03653846153846154,15.10949618617378
88j94n7gilr6j67l1e7rvb1kma,38,38884,28,10,0.0,0.0,0.0,0.21052631578947367,0.13157894736842105,0.5216902000420791,10,2.533333333333333,38,1.0,256.0,0.05859375,12.138854993532817
4aoe3lhvk4np2qojt6jlgbrntk,53,67451,41,12,0.0,0.0,0.0,0.22641509433962265,0.09433962264150944,0.684466307442153,12,2.789473684210526,53,1.0,328.0,0.057926829268292686,12.129889177694665
708cr8afimpf1psblgnd2tjugn,52,60877,40,12,0.0,0.0,0.0,0.23076923076923078,0.09615384615384616,0.567877810008977,12,2.888888888888889,52,1.0,368.0,0.04891304347826087,13.348647516978804
5765skheqscehsp8fhs535nic1,45,57917,35,10,0.0,0.0,0.0,0.2222222222222222,0.1111111111111111,0.5665577237325317,10,2.6470588235294117,45,1.0,330.0,0.051515151515151514,13.528570590502982
toak9a9cb4mgdutepbj0qbvt37,55,61289,43,12,0.0,0.0,0.0,0.23636363636363636,0.09090909090909091,0.531332334407362,13,3.235294117647059,55,1.0,345.0,0.04927536231884058,12.942466458002853
ee08lt86nhiiffr0pmc5b127tt,49,82828,38,11,0.0,0.0,0.0,0.22448979591836735,0.10204081632653061,0.5714285714285714,11,2.5789473684210527,49,1.0,282.0,0.0673758865248227,11.474071234913673
1um3qqrnsvve0s19nean547qq4,40,42728,31,9,0.0,0.0,0.0,0.225,0.125,0.5562148865321748,9,2.5,40,1.0,294.0,0.05442176870748299,14.365844910759686
pac95vjmfd9ppc377csnrt8f3a,63,71375,49,14,0.0,0.0,0.0,0.23809523809523808,0.07936507936507936,0.5593971487843205,15,3.3157894736842106,63,1.0,524.0,0.03625954198473282,15.872333318658098
k06kjee5sc5bs961fvll13ase1,66,111883,51,15,0.0,0.0,0.0,0.22727272727272727,0.07575757575757576,0.6350997550040814,15,3.0,66,1.0,450.0,0.04888888888888889,13.145928152749244
udn452le5ogkhjhfsremal3bkk,60,64082,46,14,0.0,0.0,0.0,0.23333333333333334,0.08333333333333333,0.5722761571129799,14,3.1578947368421053,60,1.0,492.0,0.03861788617886179,15.16772890053089
v5tjg81181jr1tj684qa363p41,57,70400,44,13,0.0,0.0,0.0,0.22807017543859648,0.08771929824561403,0.6291375816505652,13,3.0,57,1.0,389.0,0.04884318766066838,13.123065012943771
vqdvioip730lq32umqa85ikehl,70,91555,53,17,0.0,0.0,0.0,0.22857142857142856,0.07142857142857142,0.6129553700835696,17,3.5,70,1.0,537.0,0.037243947858473,14.428861383225168
sntut89u165hiclvp7dkplmlcf,56,58766,43,13,0.0,0.0,0.0,0.23214285714285715,0.08928571428571429,0.5689118686454997,13,3.111111111111111,56,1.0,408.0,0.04411764705882353,13.790154725271895
u7p3p3putpsnn54hsbc6okq3vg,54,65942,41,13,0.0,0.0,0.0,0.2222222222222222,0.09259259259259259,0.6339719543934701,13,2.8421052631578947,54,1.0,390.0,0.04871794871794872,13.57512248995507
qtahmnoset660c0ekqkrhvhmvm,47,52839,37,10,0.0,0.0,0.0,0.23404255319148937,0.10638297872340426,0.5449467436113062,11,2.764705882352941,47,1.0,306.0,0.05555555555555555,13.706454979432651
t9ndgsaousi17rpa3gktms4fsr,65,76121,50,15,0.0,0.0,0.0,0.23076923076923078,0.07692307692307693,0.6354423516327196,15,3.0952380952380953,65,1.0,432.0,0.04861111111111111,12.736900684752726
8oqno6g9fregnngrc9a87c837b,65,68018,49,16,0.0,0.0,0.0,0.23076923076923078,0.07692307692307693,0.5610640778095528,16,3.25,65,1.0,490.0,0.04081632653061224,13.301332406453959
22nc1tt35cv954ms0oqvbcedpi,44,53912,34,10,0.0,0.0,0.0,0.22727272727272727,0.11363636363636363,0.5197543920922397,10,2.933333333333333,44,1.0,369.0,0.04065040650406504,16.291682078860905
0d5d2435pbn4mi4gj9spju5gia,9,9408,9,0,0.0,0.0,0.0,0.1111111111111111,0.5555555555555556,0.41573970964154905,1,1.0,9,1.0,2.0,4.5,0.41573970964154905
fas9mgeiptj5suoafcgt3cb6a6,23,35285,23,0,0.0,0.0,0.0,0.043478260869565216,0.21739130434782608,0.5833220810869016,3,1.3529411764705883,23,1.0,93.0,0.1827956989247312,4.016035909132344
rr07fpg8dl1ha6d8g8c99pd4kk,16,24148,16,0,0.0,0.0,0.0,0.0625,0.3125,0.5555121510822243,2,1.0666666666666667,16,1.0,59.0,0.2542372881355932,4.895390050853966
i56202ejgd4kmohsll917rfkpd,20,39411,20,0,0.0,0.0,0.0,0.05,0.25,0.47696960070847283,2,1.1111111111111112,20,1.0,127.0,0.14173228346456693,7.377499576414762
jv0ep8f81ek5v6ofijqjn3cf3h,27,77638,27,0,0.0,0.0,0.0,0.037037037037037035,0.18518518518518517,0.46554833666579754,4,1.35,27,1.0,134.0,0.14925373134328357,6.691517468830616
v1n897ru2ce8tptap3kb9848q7,25,41812,25,0,0.0,0.0,0.0,0.04,0.2,0.43081318457076034,5,1.5625,25,1.0,65.0,0.24615384615384617,2.7422618401604177
uu8g3umhdi5aiibsrksskgkiav,17,23487,17,0,0.0,0.0,0.0,0.058823529411764705,0.29411764705882354,0.582323231565392,2,1.0625,17,1.0,92.0,0.17391304347826086,6.444868670495218
dhn1bd8uiaa3qnajsd3vg6kgc3,23,40385,23,0,0.0,0.0,0.0,0.043478260869565216,0.21739130434782608,0.5360360002581719,2,1.2105263157894737,23,1.0,214.0,0.08878504672897196,9.575488556538946
js47oan5tk8j0resvhl9qer7lj,18,31185,18,0,0.0,0.0,0.0,0.05555555555555555,0.2777777777777778,0.5241100628920335,4,1.2,18,1.0,97.0,0.15463917525773196,7.703814992073652
55vbvsikr2l9bfeklmh8cumi5k,21,33928,21,0,0.0,0.0,0.0,0.047619047619047616,0.23809523809523808,0.6529194857524804,4,1.3125,21,1.0,80.0,0.2,4.181809219066695
8ulhfbi2gtqm0lc3eeuufouv34,25,47760,25,0,0.0,0.0,0.0,0.04,0.2,0.43081318457076034,2,1.25,25,1.0,169.0,0.11834319526627218,11.68
0oi4fvkqd1acu5g08vep8eefqg,19,30255,19,0,0.0,0.0,0.0,0.05263157894736842,0.2631578947368421,0.5102820902543503,2,1.1176470588235294,19,1.0,116.0,0.14655172413793102,8.283749067599674
grbvlqd7u4foh99hguga49f0fg,20,34361,20,0,0.0,0.0,0.0,0.05,0.25,0.49749371855331,3,1.25,20,1.0,152.0,0.10526315789473684,9.473119866232032
uum8gb1r189cdke60cacrnonul,20,42365,20,0,0.0,0.0,0.0,0.05,0.25,0.47696960070847283,3,1.25,20,1.0,99.0,0.16161616161616163,6.17636624561724
hr9t5fv365o0t7f26ilhe2rc8j,23,40474,23,0,0.0,0.0,0.0,0.043478260869565216,0.21739130434782608,0.44763609308639135,4,1.3529411764705883,23,1.0,152.0,0.1118421052631579,8.830476526778217
ebas262pt4detu2qrnao3ms6g3,16,26852,16,0,0.0,0.0,0.0,0.0625,0.3125,0.42847841252506524,2,1.1428571428571428,16,1.0,31.0,0.45161290322580644,2.3040385738958453
jpbeofacs0492d9vi9r726urr7,27,53144,27,0,0.0,0.0,0.0,0.037037037037037035,0.18518518518518517,0.5237828008789241,4,1.2857142857142858,27,1.0,213.0,0.09859154929577464,9.117883661746063
3e1l4pk01sc0ailn31s1mk5482,19,29436,19,0,0.0,0.0,0.0,0.05263157894736842,0.2631578947368421,0.44659375653887207,4,1.1875,19,1.0,138.0,0.11594202898550725,13.863401668319883
dpt66d4mu55mfh94hban355h18,27,56560,27,0,0.0,0.0,0.0,0.037037037037037035,0.18518518518518517,0.3849001794597505,4,1.4210526315789473,27,1.0,77.0,0.24675324675324675,2.824544587398166
g7v2e1jd1n4d06b3o6d72eckh1,26,75091,26,0,0.0,0.0,0.0,0.038461538461538464,0.19230769230769232,0.5870899047105288,3,1.4444444444444444,26,1.0,261.0,0.06896551724137931,13.230154279089897
cpsdqcel0k0qkdbmen6e7naqtk,17,25831,17,0,0.0,0.0,0.0,0.058823529411764705,0.29411764705882354,0.47058823529411764,2,1.2142857142857142,17,1.0,48.0,0.2916666666666667,4.655613867625736
64grp6p1ob94ga6d6grls0ocg0,21,37867,21,0,0.0,0.0,0.0,0.047619047619047616,0.23809523809523808,0.5259695722470124,2,1.1666666666666667,21,1.0,117.0,0.15384615384615385,6.630172220498452
oefj652iolkub646m3bu8p1fq1,16,28199,16,0,0.0,0.0,0.0,0.0625,0.3125,0.5555121510822243,3,1.3333333333333333,16,1.0,117.0,0.10256410256410256,9.866095669007066
9sha96b0pmg0a7sknb0nm584ep,23,49088,23,0,0.0,0.0,0.0,0.043478260869565216,0.21739130434782608,0.5289358721998452,5,1.4375,23,1.0,155.0,0.1032258064516129,6.628117913098959
j5q0rc8234mif6jlcbff7tmhsk,22,38538,22,0,0.0,0.0,0.0,0.045454545454545456,0.22727272727272727,0.5473452081269224,3,1.1578947368421053,22,1.0,156.0,0.12179487179487179,7.774720637536473
ia9s4av1gau9r2e17bi4kdpr2m,20,34141,20,0,0.0,0.0,0.0,0.05,0.25,0.49749371855331,3,1.1764705882352942,20,1.0,71.0,0.23943661971830985,3.7613162589710534
83okvnom28kpisse1fr9h2i6hk,21,38493,21,0,0.0,0.0,0.0,0.047619047619047616,0.23809523809523808,0.49943278484292924,2,1.105263157894737,21,1.0,157.0,0.12101910828025478,7.594603645691288
fc5gps8fqlfqk15jevt6s2jf9n,20,39637,20,0,0.0,0.0,0.0,0.05,0.25,0.4472135954999579,3,1.25,20,1.0,55.0,0.2909090909090909,2.56661255354212
hctlni7i4rclegm7bs6afhs16h,19,29473,19,0,0.0,0.0,0.0,0.05263157894736842,0.2631578947368421,0.5102820902543503,2,1.1176470588235294,19,1.0,133.0,0.12781954887218044,8.416775229454442
c0dk2v6mvdlnfaro53euc4u2dh,26,44005,26,0,0.0,0.0,0.0,0.038461538461538464,0.19230769230769232,0.5174470787336043,4,1.368421052631579,26,1.0,103.0,0.18446601941747573,4.493420568160393
plqae11g5bqqbslgcol5optt17,16,26976,16,0,0.0,0.0,0.0,0.0625,0.3125,0.4841229182759271,2,1.1428571428571428,16,1.0,125.0,0.112,10.144079246042985
vu3fio88psda005g91fbjona0v,19,28710,19,0,0.0,0.0,0.0,0.05263157894736842,0.2631578947368421,0.5102820902543505,3,1.3571428571428572,19,1.0,72.0,0.19444444444444445,5.863167343845736
1m7s5287lpll34gm0amdciqvb5,18,29169,18,0,0.0,0.0,0.0,0.05555555555555555,0.2777777777777778,0.3726779962499649,3,1.3846153846153846,18,1.0,38.0,0.34210526315789475,2.1052550357218243
j305v6gg71vcjp9cjdgf7bvnnq,24,54151,24,0,0.0,0.0,0.0,0.041666666666666664,0.20833333333333334,0.5951190357119042,4,1.3333333333333333,24,1.0,165.0,0.10909090909090909,7.790552505011011
m7cd9aev6os2phk0sdkse238l5,20,36309,20,0,0.0,0.0,0.0,0.05,0.25,0.31622776601683794,3,1.3333333333333333,20,1.0,35.0,0.42857142857142855,1.920286436967152
gh1545klvvn6sdmmv8ntfjtpsj,16,25330,16,0,0.0,0.0,0.0,0.0625,0.3125,0.4841229182759271,2,1.0666666666666667,16,1.0,62.0,0.24193548387096775,4.567206476611277
vmgkfqtair7fq7kqqr6kpqm9st,26,47190,26,0,0.0,0.0,0.0,0.038461538461538464,0.19230769230769232,0.455083060238432,4,1.625,26,1.0,133.0,0.12030075187969924,5.9376693373547935
27479tfiqfgi99u7r4vq0q33db,27,50639,27,0,0.0,0.0,0.0,0.037037037037037035,0.18518518518518517,0.4969039949999533,5,1.35,27,1.0,195.0,0.10256410256410256,8.372500548348668
37f112qml42d33pentjpilckno,20,36398,20,0,0.0,0.0,0.0,0.05,0.25,0.5722761571129799,3,1.1111111111111112,20,1.0,142.0,0.1267605633802817,7.854298186343578
gfdhriv71s2e4co6clm2sf5cbf,27,48813,27,0,0.0,0.0,0.0,0.037037037037037035,0.18518518518518517,0.5237828008789241,2,1.173913043478261,27,1.0,134.0,0.17164179104477612,6.002971372156005
u8t6obfjabd8m1ee8fmpvphsc0,25,39827,25,0,0.0,0.0,0.0,0.04,0.2,0.5276362383309168,3,1.3888888888888888,25,1.0,102.0,0.17647058823529413,4.353573245048255
qekb8l6o5qq9214i0vlpi5cmti,27,47756,27,0,0.0,0.0,0.0,0.037037037037037035,0.18518518518518517,0.5392673992059643,4,1.2857142857142858,27,1.0,119.0,0.17647058823529413,6.606726422306616
sdum2h47k57i17al0j3cuv6fhu,21,43695,21,0,0.0,0.0,0.0,0.047619047619047616,0.23809523809523808,0.3749527559053243,3,1.3125,21,1.0,30.0,0.5333333333333333,1.7612611437054218
7ijkbba54hddp8bflnqkq3ttkv,20,42236,20,0,0.0,0.0,0.0,0.05,0.25,0.4974937185533099,4,1.3333333333333333,20,1.0,133.0,0.11278195488721804,9.122910719720982
u5co8igfher6a7v5gvrg14nrcf,22,37808,22,0,0.0,0.0,0.0,0.045454545454545456,0.22727272727272727,0.47455938676866144,3,1.2941176470588236,22,1.0,51.0,0.3333333333333333,2.438076060346161
u1t0tjb9v5dna5vbatsn8upbbo,16,28060,16,0,0.0,0.0,0.0,0.0625,0.3125,0.42847841252506524,2,1.0666666666666667,16,1.0,65.0,0.23076923076923078,5.684064896709044
7e7nf7k4fcjagt3nasaihu4scq,16,26818,16,0,0.0,0.0,0.0,0.0625,0.3125,0.42847841252506524,2,1.1428571428571428,16,1.0,32.0,0.4375,2.207940216581962
124nsuu4makfggp1h3ametehri,16,22176,16,0,0.0,0.0,0.0,0.0625,0.3125,0.5,2,1.0666666666666667,16,1.0,96.0,0.15625,7.881941385217223
pfp1r64gufu52bgl6cddpio0a2,19,30936,19,0,0.0,0.0,0.0,0.05263157894736842,0.2631578947368421,0.5102820902543503,2,1.1176470588235294,19,1.0,96.0,0.17708333333333334,6.64493225351016
d7ourvq3bntmee5hjnv5it7v7f,23,43864,23,0,0.0,0.0,0.0,0.043478260869565216,0.21739130434782608,0.41702882811414954,3,1.2105263157894737,23,1.0,101.0,0.18811881188118812,6.012589187152184
1nufffs0sri7c3ere47b9i5srv,17,29487,17,0,0.0,0.0,0.0,0.058823529411764705,0.29411764705882354,0.4159451654038515,3,1.2142857142857142,17,1.0,35.0,0.4,2.57751791767137
rub9gsleatju654rbt8qfihpjo,16,25114,16,0,0.0,0.0,0.0,0.0625,0.3125,0.4841229182759271,2,1.1428571428571428,16,1.0,44.0,0.3181818181818182,3.3634060117684275
ms3cf5h8obah9v5aqutt372t1h,17,29504,17,0,0.0,0.0,0.0,0.058823529411764705,0.29411764705882354,0.4159451654038515,3,1.2142857142857142,17,1.0,67.0,0.208955223880597,6.932197582426464
jq81oksgh36g25rlv3rmulr6ve,24,44972,24,0,0.0,0.0,0.0,0.041666666666666664,0.20833333333333334,0.5253966755382705,3,1.1428571428571428,24,1.0,170.0,0.12352941176470589,11.78599687010913
foe78l2si3v0pbi9u3v9nhrgq3,17,26796,17,0,0.0,0.0,0.0,0.058823529411764705,0.29411764705882354,0.5128116404165498,2,1.0625,17,1.0,105.0,0.1523809523809524,6.870527799895358
i54vr6i7vikgq6kp7o8prcchip,20,30809,20,0,0.0,0.0,0.0,0.05,0.25,0.3840572873934304,3,1.4285714285714286,20,1.0,46.0,0.30434782608695654,2.8124722220850464
8rgi5ent4bhdjhmsndl461qiid,20,32017,20,0,0.0,0.0,0.0,0.05,0.25,0.49749371855331,3,1.1764705882352942,20,1.0,114.0,0.14912280701754385,7.510659092250161
mpq0pfpkc127m4bti2cp71cqgg,20,38580,20,0,0.0,0.0,0.0,0.05,0.25,0.5894913061275798,2,1.0526315789473684,20,1.0,95.0,0.2,6.283908019696023
jf8u319v8fe7pqp2vflu4nlj40,19,35391,19,0,0.0,0.0,0.0,0.05263157894736842,0.2631578947368421,0.4880851839734581,2,1.1176470588235294,19,1.0,173.0,0.09826589595375723,10.310417505672321
62fp2u5etekvin0lrlmmq7ras2,26,50298,26,0,0.0,0.0,0.0,0.038461538461538464,0.19230769230769232,0.423076923076923,4,1.3,26,1.0,156.0,0.1282051282051282,7.411010519698169
7s2ruv2tf2bpptvc3g6ujkpsbr,27,57295,27,0,0.0,0.0,0.0,0.037037037037037035,0.18518518518518517,0.4287347001033417,5,1.4210526315789473,27,1.0,155.0,0.12258064516129032,7.280580932217045
fsnt8h9aa411ltni8e4ang4vhs,18,29129,18,0,0.0,0.0,0.0,0.05555555555555555,0.2777777777777778,0.5241100628920335,2,1.125,18,1.0,114.0,0.14035087719298245,9.309493362512628
i4bgdstv07o3mdh655ohgqssin,18,29452,18,0,0.0,0.0,0.0,0.05555555555555555,0.2777777777777778,0.5241100628920335,3,1.2857142857142858,18,1.0,60.0,0.23333333333333334,3.6666666666666665
5ee4b4pb3sfijdhpp5hcdvlctl,20,59382,20,0,0.0,0.0,0.0,0.05,0.25,0.43588989435406733,3,1.3333333333333333,20,1.0,100.0,0.15,8.093207028119323
i48q4ssfv5tk615amqb3ikphql,24,47813,24,0,0.0,0.0,0.0,0.041666666666666664,0.20833333333333334,0.5994789404140899,2,1.2,24,1.0,103.0,0.1941747572815534,4.694670441634381
6g7u329js521monmac550kdf1k,27,48318,27,0,0.0,0.0,0.0,0.037037037037037035,0.18518518518518517,0.5665577237325317,2,1.2272727272727273,27,1.0,143.0,0.15384615384615385,5.91805032218485
5764gbg3t8mtql9553lu8kf2gi,27,47049,27,0,0.0,0.0,0.0,0.037037037037037035,0.18518518518518517,0.46554833666579754,3,1.4210526315789473,27,1.0,165.0,0.11515151515151516,7.636817901084259
1onh1ot5pr6j6g739m8cp5dfj0,20,34227,20,0,0.0,0.0,0.0,0.05,0.25,0.4358898943540674,3,1.1764705882352942,20,1.0,132.0,0.12878787878787878,9.630160954002793
nb8go732bndmpst34i2vb63ddt,24,40861,24,0,0.0,0.0,0.0,0.041666666666666664,0.20833333333333334,0.49826086429589156,4,1.2,24,1.0,169.0,0.11834319526627218,8.095673570219809
ggkoae2me51q02ro3ren47rs9n,25,47816,25,0,0.0,0.0,0.0,0.04,0.2,0.48332183894378283,2,1.3157894736842106,25,1.0,200.0,0.095,10.480458005259122
pgnhcqhsrjq593qi64f3e1mdju,20,32727,20,0,0.0,0.0,0.0,0.05,0.25,0.49749371855331,2,1.1764705882352942,20,1.0,88.0,0.19318181818181818,5.0039984012787215
4siqhlcume2me7ialjagodfeaa,20,31707,20,0,0.0,0.0,0.0,0.05,0.25,0.47696960070847283,4,1.3333333333333333,20,1.0,124.0,0.12096774193548387,8.090735442467514
mgr9t6dlg6ldke41383v0fhq3q,22,38975,22,0,0.0,0.0,0.0,0.045454545454545456,0.22727272727272727,0.47455938676866144,2,1.2941176470588236,22,1.0,96.0,0.17708333333333334,5.780417211628921
30jcp3kes0o21ej00145hji0gi,21,34649,21,0,0.0,0.0,0.0,0.047619047619047616,0.23809523809523808,0.4856209060564557,2,1.2352941176470589,21,1.0,97.0,0.17525773195876287,7.207642706092249
qd5flhhi6gq7bf2qvjj8jkc2fo,21,39586,21,0,0.0,0.0,0.0,0.047619047619047616,0.23809523809523808,0.3749527559053243,3,1.4,21,1.0,29.0,0.5172413793103449,1.785555548500255
pv89k1oprp9a4c01v0u2po4sab,22,36844,22,0,0.0,0.0,0.0,0.045454545454545456,0.22727272727272727,0.6938335237488068,2,1.1,22,1.0,187.0,0.10695187165775401,9.41830905494959
si7usj6t28v0ftdul1j99j5g8t,26,46654,26,0,0.0,0.0,0.0,0.038461538461538464,0.19230769230769232,0.5058825553063809,5,1.368421052631579,26,1.0,122.0,0.1557377049180328,5.972818113170511
2vhdk7kkt7dtos2hn1fnlkf9ee,20,33897,20,0,0.0,0.0,0.0,0.05,0.25,0.47696960070847283,3,1.1111111111111112,20,1.0,98.0,0.1836734693877551,7.238093671679029
tccmnubp332iu6jflr59suno5t,25,49658,25,0,0.0,0.0,0.0,0.04,0.2,0.5153639490690051,3,1.3157894736842106,25,1.0,150.0,0.12666666666666668,7.584194090343416
qin480b2uihek2qocc135j70fs,27,46999,27,0,0.0,0.0,0.0,0.037037037037037035,0.18518518518518517,0.4743054990690999,4,1.35,27,1.0,120.0,0.16666666666666666,5.506449641495052
7njpagdcao6g5djp50o4pagroc,16,22248,16,0,0.0,0.0,0.0,0.0625,0.3125,0.42847841252506524,2,1.2307692307692308,16,1.0,57.0,0.22807017543859648,5.442526412430168
6uoqnd2dvamqempceg9ptlc0v1,26,54711,26,0,0.0,0.0,0.0,0.038461538461538464,0.19230769230769232,0.5547001962252291,3,1.3,26,1.0,64.0,0.3125,2.421550190568799
ev7egii8jia9kq6jfcvp3ccego,26,48795,26,0,0.0,0.0,0.0,0.038461538461538464,0.19230769230769232,0.455083060238432,2,1.3,26,1.0,143.0,0.13986013986013987,6.5530380505768235
720ua9gtve32n6s1glmvebjltk,24,36147,24,0,0.0,0.0,0.0,0.041666666666666664,0.20833333333333334,0.6109532624422992,3,1.3333333333333333,24,1.0,160.0,0.1125,7.278201853632684
iugft3rvfcldeefq4dfbl6vko6,24,39053,24,0,0.0,0.0,0.0,0.041666666666666664,0.20833333333333334,0.5758447900452188,2,1.0909090909090908,24,1.0,181.0,0.12154696132596685,7.466476002029933
g150gc5ebqqebuj9u1rmjmdkg5,27,55658,27,0,0.0,0.0,0.0,0.037037037037037035,0.18518518518518517,0.649997362029046,3,1.4210526315789473,27,1.0,131.0,0.1450381679389313,5.226029607602086
5f7no8vabec3n4d414fgkvsql1,18,29126,18,0,0.0,0.0,0.0,0.05555555555555555,0.2777777777777778,0.5241100628920335,2,1.2,18,1.0,82.0,0.18292682926829268,6.184408911144776
k6e6fem4qek1jn58vujbrinfge,22,67383,22,0,0.0,0.0,0.0,0.045454545454545456,0.22727272727272727,0.5473452081269224,3,1.1578947368421053,22,1.0,136.0,0.13970588235294118,6.859872538150358
db1eh088lv5ga1nen3ikagrlld,21,35440,21,0,0.0,0.0,0.0,0.047619047619047616,0.23809523809523808,0.42591770999996,4,1.3125,21,1.0,106.0,0.1509433962264151,8.3522234876833
cuopc1ldihiqtmik2jg0e8is86,26,45827,26,0,0.0,0.0,0.0,0.038461538461538464,0.19230769230769232,0.5870899047105288,4,1.368421052631579,26,1.0,188.0,0.10106382978723404,8.96277640838739
7jtk8r1ak181fhbf582hjhvbdq,23,39276,23,0,0.0,0.0,0.0,0.043478260869565216,0.21739130434782608,0.4476360930863913,3,1.2777777777777777,23,1.0,119.0,0.15126050420168066,6.83756995934669
rtp18qghc0uf5qimp6rfthq3jl,27,50615,27,0,0.0,0.0,0.0,0.037037037037037035,0.18518518518518517,0.46554833666579754,4,1.2857142857142858,27,1.0,105.0,0.2,3.7251232476089355
6mihesnd25t81o8q64jlaod935,23,37552,23,0,0.0,0.0,0.0,0.043478260869565216,0.21739130434782608,0.5635426694267706,2,1.15,23,1.0,195.0,0.10256410256410256,9.699258444166217
ooi399crjvu4fv4q02i1gk2pld,17,27235,17,0,0.0,0.0,0.0,0.058823529411764705,0.29411764705882354,0.48507125007266594,1,1.0,17,1.0,107.0,0.1588785046728972,11.63040996638378
elrsng5u5rasfrr7j91ad8dmgl,19,37928,19,0,0.0,0.0,0.0,0.05263157894736842,0.2631578947368421,0.5520046569316587,2,1.1875,19,1.0,79.0,0.20253164556962025,4.120081219111774
4h1710vfqecf0h4r5ns5tkv72t,16,23584,16,0,0.0,0.0,0.0,0.0625,0.3125,0.3535533905932738,2,1.0666666666666667,16,1.0,58.0,0.25862068965517243,5.4872010169119925
o6uujmtvvdkacotcvuq6726pmi,27,87150,27,0,0.0,0.0,0.0,0.037037037037037035,0.18518518518518517,0.546845298527163,3,1.35,27,1.0,70.0,0.2857142857142857,2.779012071452455
5n0umenmhi0prg00139sh2111v,20,34135,20,0,0.0,0.0,0.0,0.05,0.25,0.4472135954999579,2,1.1764705882352942,20,1.0,61.0,0.2786885245901639,3.866199684444661
49smdeovekeq8fgrnfejp533r3,16,25433,16,0,0.0,0.0,0.0,0.0625,0.3125,0.5555121510822243,2,1.0666666666666667,16,1.0,83.0,0.18072289156626506,5.64821597940447
4fo576p1kf4i1frb6s4c07q3pp,22,69865,22,0,0.0,0.0,0.0,0.045454545454545456,0.22727272727272727,0.5961307749365454,3,1.2222222222222223,22,1.0,126.0,0.14285714285714285,7.429559011639791
oofgc9mb4le54lelfes0lkg7pa,25,43843,25,0,0.0,0.0,0.0,0.04,0.2,0.5276362383309168,4,1.5625,25,1.0,137.0,0.11678832116788321,7.71035667138687
rgt513e3eh2uoq34fvpvo50pf6,23,39554,23,0,0.0,0.0,0.0,0.043478260869565216,0.21739130434782608,0.5360360002581719,4,1.5333333333333334,23,1.0,211.0,0.07109004739336493,16.19622117471432
3p8qp6np717jbhmhu8329s9nb6,19,33373,19,0,0.0,0.0,0.0,0.05263157894736842,0.2631578947368421,0.44659375653887207,2,1.0555555555555556,19,1.0,103.0,0.17475728155339806,9.092019574582885
t6h2nm44688se8cf4c0934l6qb,24,50677,24,0,0.0,0.0,0.0,0.041666666666666664,0.20833333333333334,0.5253966755382705,3,1.2,24,1.0,85.0,0.23529411764705882,5.016465942828233
ts4gvk541fole1uj2sd38kqpcm,21,33155,21,0,0.0,0.0,0.0,0.047619047619047616,0.23809523809523808,0.5345224838248488,3,1.2352941176470589,21,1.0,113.0,0.1504424778761062,6.924602037567561
stufhiktcb2o7spcg4sc1ufi82,25,49843,25,0,0.0,0.0,0.0,0.04,0.2,0.32496153618543844,4,1.7857142857142858,25,1.0,50.0,0.28,2.1354156504062622
nojpme777coksiq64cb8142cij,22,42720,22,0,0.0,0.0,0.0,0.045454545454545456,0.22727272727272727,0.41659779045053097,3,1.1578947368421053,22,1.0,162.0,0.11728395061728394,10.05686312265254
9u9n60vrj29l7tvlt893mdhi07,26,49636,26,0,0.0,0.0,0.0,0.038461538461538464,0.19230769230769232,0.5058825553063809,3,1.368421052631579,26,1.0,221.0,0.08597285067873303,9.966289333394004
tppc7d6niqt6vkt489cphu55dp,23,39164,23,0,0.0,0.0,0.0,0.043478260869565216,0.21739130434782608,0.5897678246195885,3,1.3529411764705883,23,1.0,128.0,0.1328125,6.45941232322544
snh8o5pkj60d0kp1hjeqm1hu15,18,33372,18,0,0.0,0.0,0.0,0.05555555555555555,0.2777777777777778,0.4044505494044732,2,1.2,18,1.0,53.0,0.2830188679245283,4.129463540921807
sbrmmsorp8ijmhg8ai8r6ri49n,19,35681,19,0,0.0,0.0,0.0,0.05263157894736842,0.2631578947368421,0.44659375653887207,2,1.1176470588235294,19,1.0,42.0,0.40476190476190477,2.0920638857212412
fbg765mj84vj3htic0b4dq1n3r,22,36904,22,0,0.0,0.0,0.0,0.045454545454545456,0.22727272727272727,0.4568125282327677,3,1.2941176470588236,22,1.0,61.0,0.2786885245901639,3.204142463377656
ii4dosupqt4958ru71845a0hso,23,39316,23,0,0.0,0.0,0.0,0.043478260869565216,0.21739130434782608,0.5499613322031964,4,1.2777777777777777,23,1.0,126.0,0.14285714285714285,6.4259634041190665
ea6o9mrlbajljrpf2s0rgb58g2,26,45301,26,0,0.0,0.0,0.0,0.038461538461538464,0.19230769230769232,0.5174470787336043,4,1.368421052631579,26,1.0,114.0,0.16666666666666666,5.196721770478319
3r9cb69qg00fac5os9au9a745h,18,32579,18,0,0.0,0.0,0.0,0.05555555555555555,0.2777777777777778,0.4044505494044732,2,1.125,18,1.0,68.0,0.23529411764705882,6.160407233612938
tl2je8q2l4malkodn4inhd4n5o,18,30689,18,0,0.0,0.0,0.0,0.05555555555555555,0.2777777777777778,0.4044505494044732,2,1.125,18,1.0,106.0,0.1509433962264151,8.49109918868569
upqaiodm0qui7lh5plpf2rsgfc,27,47911,27,0,0.0,0.0,0.0,0.037037037037037035,0.18518518518518517,0.3849001794597505,5,1.4210526315789473,27,1.0,77.0,0.24675324675324675,2.798196558151719
m8fe1qtn358dg2b1b6fingti39,23,42170,23,0,0.0,0.0,0.0,0.043478260869565216,0.21739130434782608,0.4078622399846461,4,1.3529411764705883,23,1.0,67.0,0.2537313432835821,3.463010043780849
l2gcmv2s4ov9p8n79g9034jf2j,23,42119,23,0,0.0,0.0,0.0,0.043478260869565216,0.21739130434782608,0.5032972566430534,3,1.2777777777777777,23,1.0,134.0,0.13432835820895522,8.073855681002476
6ogn97v63ghf0kg1eidoro9533,24,48557,24,0,0.0,0.0,0.0,0.041666666666666664,0.20833333333333334,0.4714045207910316,2,1.263157894736842,24,1.0,137.0,0.1386861313868613,7.71621218964043
rg3bmjunhcksnch3utt3ruedvi,18,32243,18,0,0.0,0.0,0.0,0.05555555555555555,0.2777777777777778,0.4714045207910317,2,1.125,18,1.0,55.0,0.2909090909090909,3.922474024023079
h2jo3uq1om8vp81nopaa17kegu,25,43193,25,0,0.0,0.0,0.0,0.04,0.2,0.463033476111609,4,1.3157894736842106,25,1.0,240.0,0.07916666666666666,11.31370849898476
1nbs17btpqhl48dfu2nklqhffq,16,28509,16,0,0.0,0.0,0.0,0.0625,0.3125,0.42847841252506524,3,1.2307692307692308,16,1.0,255.0,0.050980392156862744,19.308251959978147
3nc17617gvarormtprojm161k4,21,35074,21,0,0.0,0.0,0.0,0.047619047619047616,0.23809523809523808,0.6172133998483676,3,1.4,21,1.0,171.0,0.08771929824561403,12.275743462251908
seh4sf3qbn4bj0c6bcnjnpc1gm,16,27007,16,0,0.0,0.0,0.0,0.0625,0.3125,0.3535533905932738,2,1.1428571428571428,16,1.0,233.0,0.060085836909871244,16.054472702334387
auss0hbmmf507a7eqq1i2ls24f,25,52404,25,0,0.0,0.0,0.0,0.04,0.2,0.565685424949238,4,1.4705882352941178,25,1.0,336.0,0.050595238095238096,15.208103103280171
7t04jne512skpddsh6v4p3k3th,27,51942,27,0,0.0,0.0,0.0,0.037037037037037035,0.18518518518518517,0.7104935590092918,3,1.125,27,1.0,419.0,0.057279236276849645,18.00693358305272
off3tpqvmr2v6sndat4d5v6p28,19,32674,19,0,0.0,0.0,0.0,0.05263157894736842,0.2631578947368421,0.5210260492953509,2,1.1875,19,1.0,158.0,0.10126582278481013,13.02650185938346
capa6qv5o85v96iqab45773l3v,20,27720,20,0,0.0,0.0,0.0,0.05,0.25,0.6324555320336759,3,1.1764705882352942,20,1.0,121.0,0.14049586776859505,7.331268648740135
k00lp4ik0epelb6b63mbdev8a2,17,25705,17,0,0.0,0.0,0.0,0.058823529411764705,0.29411764705882354,0.5128116404165498,3,1.3076923076923077,17,1.0,134.0,0.09701492537313433,10.419903764606842
cp0fsmlkqai46gpcgkf8uhel89,22,69339,22,0,0.0,0.0,0.0,0.045454545454545456,0.22727272727272727,0.616575453011388,2,1.1,22,1.0,214.0,0.09345794392523364,13.444099138763168
m69n9tg4qgmjvgi32kfqrvc7fe,26,50032,26,0,0.0,0.0,0.0,0.038461538461538464,0.19230769230769232,0.5044183480232308,3,1.368421052631579,26,1.0,345.0,0.05507246376811594,15.295946401951102
alj7kd9jmvubmb2khqu59nl9ho,27,48767,27,0,0.0,0.0,0.0,0.037037037037037035,0.18518518518518517,0.7856742013183862,3,1.35,27,1.0,354.0,0.05649717514124294,15.882283009071678
453lvg24j5relktbluq4s08um3,23,48778,23,0,0.0,0.0,0.0,0.043478260869565216,0.21739130434782608,0.6055820990080052,4,1.2777777777777777,23,1.0,318.0,0.05660377358490566,15.76912827099904
2cod58pj6b57pun9fl0vhiqoia,22,36594,22,0,0.0,0.0,0.0,0.045454545454545456,0.22727272727272727,0.5622416762205902,3,1.2941176470588236,22,1.0,265.0,0.06415094339622641,17.237583865514946
h2jq34f4g7icu2s7h4lgd6btj3,26,53316,26,0,0.0,0.0,0.0,0.038461538461538464,0.19230769230769232,0.5921078583977174,3,1.3,26,1.0,343.0,0.05830903790087463,14.52588996550438
7rgj8vp869l5hv128476ipugq0,17,33311,17,0,0.0,0.0,0.0,0.058823529411764705,0.29411764705882354,0.5128116404165498,2,1.0625,17,1.0,147.0,0.10884353741496598,18.534359750190482
0jfeqj4kpolvb97o2s5ks7l0j4,25,56680,25,0,0.0,0.0,0.0,0.04,0.2,0.7547184905645283,5,1.3888888888888888,25,1.0,588.0,0.030612244897959183,24.86301671157384
6rb2dgd25a6v043offbhmlehl8,24,40223,24,0,0.0,0.0,0.0,0.041666666666666664,0.20833333333333334,0.6614378277661477,4,1.263157894736842,24,1.0,312.0,0.060897435897435896,15.392097539538485
9dsc15b0dug768h29lutm2sklo,27,48244,27,0,0.0,0.0,0.0,0.037037037037037035,0.18518518518518517,0.5237828008789241,5,1.2857142857142858,27,1.0,324.0,0.06481481481481481,13.526380260918401
jh9bs45mauu7v1mfl3et8i77hk,21,34732,21,0,0.0,0.0,0.0,0.047619047619047616,0.23809523809523808,0.48562090605645575,4,1.3125,21,1.0,199.0,0.08040201005025126,11.395985289812531
1c1h9oumn2pa0pb04v8f6fn515,19,53929,19,0,0.0,0.0,0.0,0.05263157894736842,0.2631578947368421,0.6488856845230502,3,1.2666666666666666,19,1.0,111.0,0.13513513513513514,7.988565235086677
fo6m1rcfdn34q1l8ch8h5tpn9l,18,24403,18,0,0.0,0.0,0.0,0.05555555555555555,0.2777777777777778,0.5773502691896257,2,1.2,18,1.0,141.0,0.10638297872340426,12.088791870525723
mu18kf0qp9tuogrbrqj76n5i73,21,60869,21,0,0.0,0.0,0.0,0.047619047619047616,0.23809523809523808,0.5259695722470125,2,1.1666666666666667,21,1.0,210.0,0.08571428571428572,12.165525060596439
tfqlrm6knitedm4alt4c0cuvr0,23,42765,23,0,0.0,0.0,0.0,0.043478260869565216,0.21739130434782608,0.5360360002581719,3,1.2105263157894737,23,1.0,406.0,0.046798029556650245,20.241173483021043
uahge8n75dd7aguqnt1bs0f8kd,28,55438,28,0,0.0,0.0,0.0,0.03571428571428571,0.17857142857142858,0.6008072800450258,5,1.2727272727272727,28,1.0,290.0,0.07586206896551724,13.052679762393307
lgm2m88i22v3fuljrkfdpp3h12,19,31882,19,0,0.0,0.0,0.0,0.05263157894736842,0.2631578947368421,0.5210260492953509,2,1.2666666666666666,19,1.0,263.0,0.057034220532319393,14.477798458310088
777aid4b8r0bh5do5ujttgh7me,16,34236,16,0,0.0,0.0,0.0,0.0625,0.3125,0.4841229182759271,4,1.3333333333333333,16,1.0,314.0,0.03821656050955414,21.630057212129607
akniekteebr1v6m9uetbh65sha,25,48953,25,0,0.0,0.0,0.0,0.04,0.2,0.6118823416311342,4,1.3157894736842106,25,1.0,434.0,0.04377880184331797,17.944090949390556
2l614ncb4kp7p6q9b0a5ln3ao6,24,39511,24,0,0.0,0.0,0.0,0.041666666666666664,0.20833333333333334,0.5527707983925666,4,1.2,24,1.0,281.0,0.0711743772241993,14.272582009651307
if6sd7i56fpr2k4fcu22hcpjin,20,66467,20,0,0.0,0.0,0.0,0.05,0.25,0.714142842854285,2,1.1111111111111112,20,1.0,172.0,0.10465116279069768,11.871815362445627
g7q3oi1lvdqbljh6ili0al2co9,19,32242,19,0,0.0,0.0,0.0,0.05263157894736842,0.2631578947368421,0.5102820902543503,4,1.2666666666666666,19,1.0,252.0,0.05952380952380952,15.481201181681632
djtvhvvtqtj6v5ganfrvre7094,19,30743,19,0,0.0,0.0,0.0,0.05263157894736842,0.2631578947368421,0.44659375653887207,3,1.1875,19,1.0,254.0,0.06299212598425197,15.7018621970228
2k97re4f45gl0ktl40bav6lfqf,16,19719,16,0,0.0,0.0,0.0,0.0625,0.3125,0.5555121510822243,2,1.1428571428571428,16,1.0,79.0,0.17721518987341772,6.533268228842284
edeshbkv1db1cllm5gipdkkklo,22,43245,22,0,0.0,0.0,0.0,0.045454545454545456,0.22727272727272727,0.5749595745760689,4,1.2941176470588236,22,1.0,304.0,0.05592105263157895,17.301172749625866
a1cgh1mg2ljn1lrb41ud03f67i,21,31900,21,0,0.0,0.0,0.0,0.047619047619047616,0.23809523809523808,0.5753831415997415,3,1.2352941176470589,21,1.0,206.0,0.0825242718446602,13.275896696893058
vf1geep6fp5v2i7111mp1akod2,16,25087,16,0,0.0,0.0,0.0,0.0625,0.3125,0.5555121510822243,2,1.1428571428571428,16,1.0,204.0,0.06862745098039216,18.575857988259923
av66aadi59rs6j2njfq9ka2ab9,18,31158,18,0,0.0,0.0,0.0,0.05555555555555555,0.2777777777777778,0.4581228472908512,2,1.2,18,1.0,201.0,0.07462686567164178,14.438567180375697
ikrmivc56op6locohdc2shs3v3,21,33850,21,0,0.0,0.0,0.0,0.047619047619047616,0.23809523809523808,0.5753831415997415,2,1.1666666666666667,21,1.0,206.0,0.08737864077669903,18.20156729938922
eaco6jibk68tptehc26jin808r,19,33979,19,0,0.0,0.0,0.0,0.05263157894736842,0.2631578947368421,0.5210260492953509,2,1.0555555555555556,19,1.0,206.0,0.08737864077669903,13.433121508517813
qv00vt6spg157dg8ro7cbt2p43,27,48146,27,0,0.0,0.0,0.0,0.037037037037037035,0.18518518518518517,0.5158662324883007,3,1.2857142857142858,27,1.0,347.0,0.06051873198847262,13.76981051996831
3p6scp5rnqun6k08tnudv5gacg,19,62168,19,0,0.0,0.0,0.0,0.05263157894736842,0.2631578947368421,0.5520046569316587,2,1.1176470588235294,19,1.0,236.0,0.07203389830508475,15.560800241476162
9ppkomphkbu1dv8o483g64jqsv,17,25829,17,0,0.0,0.0,0.0,0.058823529411764705,0.29411764705882354,0.539126552347746,4,1.3076923076923077,17,1.0,142.0,0.09154929577464789,10.975594189840894
1gpqg899dn1eafk0j474koislc,22,36368,22,0,0.0,0.0,0.0,0.045454545454545456,0.22727272727272727,0.4745593867686615,4,1.2941176470588236,22,1.0,276.0,0.06159420289855073,13.96335226983729
8kvar6qgj9j0r4qj5fcpkr3os4,20,38502,20,0,0.0,0.0,0.0,0.05,0.25,0.7399324293474372,2,1.25,20,1.0,312.0,0.05128205128205128,19.492049661336285
36m3d3mt4dfs9shoptldptokbe,17,23501,17,0,0.0,0.0,0.0,0.058823529411764705,0.29411764705882354,0.582323231565392,2,1.0625,17,1.0,173.0,0.09248554913294797,11.927404402406532
2h80p3ff9jpfboaddjevmi55rs,25,43912,25,0,0.0,0.0,0.0,0.04,0.2,0.6740919818541088,3,1.25,25,1.0,251.0,0.0796812749003984,12.196655279214871
q8ljo3ek8k2ll6p1h4n2a6ephn,19,34486,19,0,0.0,0.0,0.0,0.05263157894736842,0.2631578947368421,0.5860804592452655,2,1.1176470588235294,19,1.0,265.0,0.06415094339622641,15.849534890105987
dufvrtn3u77g2pc3hc6to751ld,27,78294,27,0,0.0,0.0,0.0,0.037037037037037035,0.18518518518518517,0.546845298527163,5,1.35,27,1.0,318.0,0.06289308176100629,13.101691531541046
d30cg3kv9lg5tfrldsqj031l1k,26,41811,26,0,0.0,0.0,0.0,0.038461538461538464,0.19230769230769232,0.6201736729460423,4,1.3,26,1.0,217.0,0.09216589861751152,11.835222228885295
mdeo4lt99fosg4pudmlamcf4ng,24,38021,24,0,0.0,0.0,0.0,0.041666666666666664,0.20833333333333334,0.6400954789890506,5,1.5,24,1.0,271.0,0.05904059040590406,13.15446428234748
3n5tfsl313lu7d2r708qdqtqe0,19,31833,19,0,0.0,0.0,0.0,0.05263157894736842,0.2631578947368421,0.5520046569316587,2,1.1176470588235294,19,1.0,210.0,0.08095238095238096,15.101319859397883
pu045tt0313p6t1k6g78ggjop3,17,22139,17,0,0.0,0.0,0.0,0.058823529411764705,0.29411764705882354,0.5128116404165498,3,1.2142857142857142,17,1.0,121.0,0.11570247933884298,8.400856769619859
0vkricl80bt5v7n2s6bbhvlvk3,18,26193,18,0,0.0,0.0,0.0,0.05555555555555555,0.2777777777777778,0.49999999999999994,4,1.2857142857142858,18,1.0,137.0,0.10218978102189781,8.199856969544507
ekgb1bqqcjo0i087koh3cqo2nr,26,49760,26,0,0.0,0.0,0.0,0.038461538461538464,0.19230769230769232,0.5058825553063809,3,1.368421052631579,26,1.0,449.0,0.042316258351893093,18.976823298044568
ft8u3nl9jdblj7li54daecevaq,17,54177,17,0,0.0,0.0,0.0,0.058823529411764705,0.29411764705882354,0.582323231565392,2,1.1333333333333333,17,1.0,163.0,0.09202453987730061,13.412280691828718
2j54lp7l4tosj8qtp2jaq0654a,25,78169,25,0,0.0,0.0,0.0,0.04,0.2,0.6248199740725324,4,1.25,25,1.0,402.0,0.04975124378109453,18.121633480456445
4bnqt73v1q2ofhu8uj797irb7a,17,27869,17,0,0.0,0.0,0.0,0.058823529411764705,0.29411764705882354,0.5128116404165498,3,1.2142857142857142,17,1.0,207.0,0.06763285024154589,13.703736262175093
0ucre4qu5jiho5kbjq61hr495f,26,48075,26,0,0.0,0.0,0.0,0.038461538461538464,0.19230769230769232,0.6401275760420476,4,1.3,26,1.0,338.0,0.05917159763313609,17.733063425746224
8u4qvgq4v27s61p19tufp3e89i,17,26461,17,0,0.0,0.0,0.0,0.058823529411764705,0.29411764705882354,0.5128116404165498,3,1.2142857142857142,17,1.0,117.0,0.11965811965811966,13.078416674007673
sqgp91m7bngarqqihg69v490e7,26,51305,26,0,0.0,0.0,0.0,0.038461538461538464,0.19230769230769232,0.5547001962252291,5,1.5294117647058822,26,1.0,372.0,0.0456989247311828,17.121217674994853
qce4mdhafthbeeljaia46hie8o,18,33599,18,0,0.0,0.0,0.0,0.05555555555555555,0.2777777777777778,0.5665577237325317,3,1.2,18,1.0,164.0,0.09146341463414634,11.254080192874687
s558jfek7a33mgjkn9c8bkgjeb,27,57988,27,0,0.0,0.0,0.0,0.037037037037037035,0.18518518518518517,0.7200822998230956,4,1.2272727272727273,27,1.0,300.0,0.07333333333333333,15.673363422943217
u4hgvjvkej7fj006vikof3a2vb,21,35077,21,0,0.0,0.0,0.0,0.047619047619047616,0.23809523809523808,0.46656947481584343,4,1.2352941176470589,21,1.0,262.0,0.0648854961832061,14.053025593966275
1jtqu9bvu7bii5p6kcsbgqbqa3,23,50466,23,0,0.0,0.0,0.0,0.043478260869565216,0.21739130434782608,0.48023308770379397,3,1.3529411764705883,23,1.0,452.0,0.03761061946902655,19.65707903386633
efv4a0sofko479l05cmopqs3ml,15,26552,15,0,0.0,0.0,0.0,0.06666666666666667,0.3333333333333333,0.49888765156985887,2,1.1538461538461537,15,1.0,145.0,0.0896551724137931,14.09806921374539
bbvicd8c0b0onlrtpspn8slmo3,24,69739,24,0,0.0,0.0,0.0,0.041666666666666664,0.20833333333333334,0.49826086429589156,4,1.3333333333333333,24,1.0,253.0,0.07114624505928854,11.041509432842757
6epdcnda98fpecfs85jtpdm8bs,21,33020,21,0,0.0,0.0,0.0,0.047619047619047616,0.23809523809523808,0.5259695722470125,4,1.3125,21,1.0,229.0,0.06986899563318777,13.049009310707449
t7573jdbiaqinp6il8lj4cmq0o,17,30664,17,0,0.0,0.0,0.0,0.058823529411764705,0.29411764705882354,0.5128116404165498,3,1.2142857142857142,17,1.0,272.0,0.051470588235294115,18.149704259460602
rs3pm69ahuvtr55nh39d8t9m0q,20,35856,20,0,0.0,0.0,0.0,0.05,0.25,0.49749371855331004,2,1.1111111111111112,20,1.0,308.0,0.05844155844155844,18.014993755202916
t9k1lcjubt6b04dv3uus8ili4j,27,56157,27,0,0.0,0.0,0.0,0.037037037037037035,0.18518518518518517,0.4969039949999533,4,1.4210526315789473,27,1.0,442.0,0.042986425339366516,17.20712201418279
q7cncf2c9icjrtpuhsf896j3u7,20,33860,20,0,0.0,0.0,0.0,0.05,0.25,0.6538348415311012,3,1.25,20,1.0,132.0,0.12121212121212122,8.890444308357146
bdc60f7qbpi1sk4b33k13c7adi,16,25452,16,0,0.0,0.0,0.0,0.0625,0.3125,0.5555121510822243,3,1.2307692307692308,16,1.0,155.0,0.08387096774193549,14.69574236811465
5ke7d1qpke4gbknkauee4runq1,18,23995,18,0,0.0,0.0,0.0,0.05555555555555555,0.2777777777777778,0.7114582486036499,2,1.0588235294117647,18,1.0,116.0,0.14655172413793102,8.77637119531898
1sijirkrahu3j2dp0qmb78691l,27,48896,27,0,0.0,0.0,0.0,0.037037037037037035,0.18518518518518517,0.5237828008789241,5,1.35,27,1.0,438.0,0.045662100456621,14.312215278315216
1g4h4vh4d2uv360aoo55b086hd,29,88491,29,0,0.0,0.0,0.0,0.034482758620689655,0.1724137931034483,0.6245093198715459,4,1.2083333333333333,29,1.0,387.0,0.06201550387596899,13.67422912677906
ap7lk8nq9ssv9uftnfbf676nop,24,35250,24,0,0.0,0.0,0.0,0.041666666666666664,0.20833333333333334,0.5527707983925666,4,1.5,24,1.0,229.0,0.06986899563318777,8.062150078539155
pu2qjl34067dmgmfehqhsdo88h,18,29156,18,0,0.0,0.0,0.0,0.05555555555555555,0.2777777777777778,0.5,2,1.125,18,1.0,222.0,0.07207207207207207,15.213298276325368
jql33afvhnt7790b17tvvcn87d,23,66066,23,0,0.0,0.0,0.0,0.043478260869565216,0.21739130434782608,0.5289358721998452,2,1.2105263157894737,23,1.0,285.0,0.06666666666666667,13.11069636473372
hq306mp6dvnclg7plqla9a8oe1,19,27919,19,0,0.0,0.0,0.0,0.05263157894736842,0.2631578947368421,0.5520046569316588,3,1.2666666666666666,19,1.0,103.0,0.14563106796116504,7.386444123304772
he1pltpfa23hqun31ciub3ksmo,18,27341,18,0,0.0,0.0,0.0,0.05555555555555555,0.2777777777777778,0.7049209744694178,2,1.125,18,1.0,171.0,0.0935672514619883,15.023130314433288
b9k26s8r31dauqokj6svvbedc6,24,42971,24,0,0.0,0.0,0.0,0.041666666666666664,0.20833333333333334,0.49826086429589156,4,1.5,24,1.0,366.0,0.04371584699453552,15.938031036904569
5t832mbt4eh6u8rj4k6sml78rk,22,42753,22,0,0.0,0.0,0.0,0.045454545454545456,0.22727272727272727,0.6248966856757964,2,1.1,22,1.0,194.0,0.10309278350515463,12.539524290079253
i2q4kdikj02dm9lvavtkaestg2,17,27107,17,0,0.0,0.0,0.0,0.058823529411764705,0.29411764705882354,0.47058823529411764,3,1.4166666666666667,17,1.0,121.0,0.09917355371900827,10.081330169827767
6erlvu5i411jk2mgv75rv363e7,19,32663,19,0,0.0,0.0,0.0,0.05263157894736842,0.2631578947368421,0.5102820902543503,2,1.1176470588235294,19,1.0,244.0,0.06967213114754098,17.409202520792626
ucc610tt08foih9ed0u0hl2urh,25,45871,25,0,0.0,0.0,0.0,0.04,0.2,0.5153639490690051,2,1.1904761904761905,25,1.0,373.0,0.05630026809651475,16.737789579272405
3io4o9tlg7fa20l20kbidpqh7f,19,33398,19,0,0.0,0.0,0.0,0.05263157894736842,0.2631578947368421,0.5619514869490163,3,1.1875,19,1.0,230.0,0.06956521739130435,17.429239609110905
funl6b42rjdgtlcmoviv6alomi,16,26475,16,0,0.0,0.0,0.0,0.0625,0.3125,0.4841229182759271,2,1.0666666666666667,16,1.0,215.0,0.06976744186046512,16.729348276307718
g6c743l75fivr6eeqb8lgi5u41,17,25450,17,0,0.0,0.0,0.0,0.058823529411764705,0.29411764705882354,0.5128116404165498,3,1.2142857142857142,17,1.0,130.0,0.1076923076923077,8.70389484467316
vfbg2ohita6de0m330eua19uqt,18,25610,18,0,0.0,0.0,0.0,0.05555555555555555,0.2777777777777778,0.5665577237325317,3,1.125,18,1.0,128.0,0.125,9.314796406726527
u86k3ilcujog70qt5k0vvllhge,23,40529,23,0,0.0,0.0,0.0,0.043478260869565216,0.21739130434782608,0.5635426694267706,2,1.15,23,1.0,251.0,0.0796812749003984,13.124530777461892
de7gpp1pje9dbdb5d32fnr7v9t,19,25452,19,0,0.0,0.0,0.0,0.05263157894736842,0.2631578947368421,0.6046908048987397,3,1.2666666666666666,19,1.0,165.0,0.09090909090909091,9.29659038560826
jgud4pu6klbeel0e9nn551i9ib,25,52760,25,0,0.0,0.0,0.0,0.04,0.2,0.6013318551349164,5,1.4705882352941178,25,1.0,480.0,0.035416666666666666,21.46438911313341
caouro53ha6k4ktgr087r3mm3e,27,48832,27,0,0.0,0.0,0.0,0.037037037037037035,0.18518518518518517,0.546845298527163,4,1.4210526315789473,27,1.0,442.0,0.042986425339366516,16.140926009848954
jepk2lqaj5t5jitmkmpdjqbcsq,24,45717,24,0,0.0,0.0,0.0,0.041666666666666664,0.20833333333333334,0.7347996703561832,2,1.2,24,1.0,383.0,0.05221932114882506,16.771700288150736
pbml0l0h4revrv7buomn2r48pi,24,42606,24,0,0.0,0.0,0.0,0.041666666666666664,0.20833333333333334,0.4930066485916347,4,1.3333333333333333,24,1.0,349.0,0.05157593123209169,14.651448070261027
5c21arc60f2e89ghcan6ek4rv3,22,37890,22,0,0.0,0.0,0.0,0.045454545454545456,0.22727272727272727,0.6030226891555273,3,1.375,22,1.0,234.0,0.06837606837606838,13.80232343598008
094i85crhkpkhqpi3rl4athrn4,25,48877,25,0,0.0,0.0,0.0,0.04,0.2,0.565685424949238,4,1.25,25,1.0,282.0,0.07092198581560284,12.770340637586767
uua1uaccgs16aemnutnhohpp0v,25,53865,25,0,0.0,0.0,0.0,0.04,0.2,0.7310266752998826,6,1.4705882352941178,25,1.0,458.0,0.03711790393013101,19.989437210687047
n3iph75f9dp0vk52lig8nk3n1c,26,54327,26,0,0.0,0.0,0.0,0.038461538461538464,0.19230769230769232,0.5044183480232308,4,1.2380952380952381,26,1.0,454.0,0.046255506607929514,18.56015328441089
8hj8u6nem85dat2rjgu8v7urhl,20,37210,20,0,0.0,0.0,0.0,0.05,0.25,0.5099019513592784,2,1.1764705882352942,20,1.0,307.0,0.05537459283387622,17.447850870522707
eojfrtvrp3d9tbsv570shra6ck,24,46383,24,0,0.0,0.0,0.0,0.041666666666666664,0.20833333333333334,0.5384519993050035,2,1.0434782608695652,24,1.0,390.0,0.05897435897435897,16.35351644142629
jdvmnfhtlr1rrga9g4148mr16s,18,37191,18,0,0.0,0.0,0.0,0.05555555555555555,0.2777777777777778,0.5773502691896257,3,1.2,18,1.0,134.0,0.11194029850746269,13.300886445907038
dpmpsl8ejt2b9e49o7ulf939f7,21,38652,21,0,0.0,0.0,0.0,0.047619047619047616,0.23809523809523808,0.49943278484292924,4,1.3125,21,1.0,324.0,0.04938271604938271,18.284970222956932
stmp56sl899fs8ev99pk7nfuvv,18,29033,18,0,0.0,0.0,0.0,0.05555555555555555,0.2777777777777778,0.5328701692569688,4,1.2857142857142858,18,1.0,194.0,0.07216494845360824,15.105391074254676
k3p6gqomoabnp2k5malilpec9e,27,54021,27,0,0.0,0.0,0.0,0.037037037037037035,0.18518518518518517,0.643635081369732,3,1.2857142857142858,27,1.0,456.0,0.046052631578947366,16.953822541404403
d46m49a9l5vmcfitmoov0nnifn,17,27500,17,0,0.0,0.0,0.0,0.058823529411764705,0.29411764705882354,0.5128116404165498,2,1.0625,17,1.0,172.0,0.09302325581395349,14.628265760832695
f0prqiag90373knljtlksmsp9g,21,41001,21,0,0.0,0.0,0.0,0.047619047619047616,0.23809523809523808,0.6632565846278153,3,1.105263157894737,21,1.0,218.0,0.0871559633027523,13.974385378685467
md58k6ejokrtefaghth7v1ghtu,24,73959,24,0,0.0,0.0,0.0,0.041666666666666664,0.20833333333333334,0.5758447900452188,4,1.3333333333333333,24,1.0,329.0,0.0547112462006079,15.901989306023596
sh4mk6br2rlo4al4edpaq3inoa,18,29263,18,0,0.0,0.0,0.0,0.05555555555555555,0.2777777777777778,0.3142696805273545,3,1.3846153846153846,18,1.0,205.0,0.06341463414634146,13.800720145818836
bdsf9dba41deu2j4744onppg6k,25,48658,25,0,0.0,0.0,0.0,0.04,0.2,0.530659966456864,3,1.4705882352941178,25,1.0,330.0,0.051515151515151514,14.937201879870274
uuptnm17glt6pd240rdeho5ke0,21,33387,21,0,0.0,0.0,0.0,0.047619047619047616,0.23809523809523808,0.5471012044321932,1,1.0,21,1.0,261.0,0.08045977011494253,12.319444284666139
b6hfnt250mbc1h2qub8slvg0j4,20,38589,20,0,0.0,0.0,0.0,0.05,0.25,0.5099019513592784,4,1.3333333333333333,20,1.0,293.0,0.051194539249146756,18.29555957056247
lukkp458sudl46nko5815kgut2,18,26601,18,0,0.0,0.0,0.0,0.05555555555555555,0.2777777777777778,0.7556372504853025,3,1.125,18,1.0,149.0,0.10738255033557047,9.90962245920351
surtd19ghcuqlnb15f3cgikoq6,20,35735,20,0,0.0,0.0,0.0,0.05,0.25,0.6,2,1.1111111111111112,20,1.0,207.0,0.08695652173913043,14.735246859146947
d7em9di62egju3ahonmu647oeh,25,54360,25,0,0.0,0.0,0.0,0.04,0.2,0.6248199740725324,2,1.3157894736842106,25,1.0,375.0,0.050666666666666665,15.722595205626837
ahpte8dp0s8io8sd28orasfpkj,18,27938,18,0,0.0,0.0,0.0,0.05555555555555555,0.2777777777777778,0.4714045207910317,3,1.2,18,1.0,189.0,0.07936507936507936,12.816005617976296
6t1t0stce6afdl4ob3hl152fnj,23,43925,23,0,0.0,0.0,0.0,0.043478260869565216,0.21739130434782608,0.5833220810869016,3,1.2105263157894737,23,1.0,273.0,0.0695970695970696,17.845482555455064
3d46kbg48go8hu4srfkogn5p27,27,44499,27,0,0.0,0.0,0.0,0.037037037037037035,0.18518518518518517,0.5665577237325317,4,1.35,27,1.0,349.0,0.05730659025787966,12.082818919091277
c4icboll633l807dsum9a4jf6f,24,41051,24,0,0.0,0.0,0.0,0.041666666666666664,0.20833333333333334,0.5204164998665332,2,1.3333333333333333,24,1.0,343.0,0.052478134110787174,13.535383157569727
cs2g8i2bgh2nc7i5eiq23jp9lv,24,48405,24,0,0.0,0.0,0.0,0.041666666666666664,0.20833333333333334,0.4714045207910316,4,1.3333333333333333,24,1.0,251.0,0.07171314741035857,11.198880772450234
